data,IPCA,IPCA acumulado
2015-01-01,0.89,1.0089
2015-01-02,0.89,1.0089
2015-01-03,0.89,1.0089
2015-01-04,0.89,1.0089
2015-01-05,0.89,1.0089
2015-01-06,0.89,1.0089
2015-01-07,0.89,1.0089
2015-01-08,0.89,1.0089
2015-01-09,0.89,1.0089
2015-01-10,0.89,1.0089
2015-01-11,0.89,1.0089
2015-01-12,0.89,1.0089
2015-01-13,0.89,1.0089
2015-01-14,0.89,1.0089
2015-01-15,0.89,1.0089
2015-01-16,0.89,1.0089
2015-01-17,0.89,1.0089
2015-01-18,0.89,1.0089
2015-01-19,0.89,1.0089
2015-01-20,0.89,1.0089
2015-01-21,0.89,1.0089
2015-01-22,0.89,1.0089
2015-01-23,0.89,1.0089
2015-01-24,0.89,1.0089
2015-01-25,0.89,1.0089
2015-01-26,0.89,1.0089
2015-01-27,0.89,1.0089
2015-01-28,0.89,1.0089
2015-01-29,0.89,1.0089
2015-01-30,0.89,1.0089
2015-01-31,0.89,1.0089
2015-02-01,1.33,1.02231837
2015-02-02,1.33,1.02231837
2015-02-03,1.33,1.02231837
2015-02-04,1.33,1.02231837
2015-02-05,1.33,1.02231837
2015-02-06,1.33,1.02231837
2015-02-07,1.33,1.02231837
2015-02-08,1.33,1.02231837
2015-02-09,1.33,1.02231837
2015-02-10,1.33,1.02231837
2015-02-11,1.33,1.02231837
2015-02-12,1.33,1.02231837
2015-02-13,1.33,1.02231837
2015-02-14,1.33,1.02231837
2015-02-15,1.33,1.02231837
2015-02-16,1.33,1.02231837
2015-02-17,1.33,1.02231837
2015-02-18,1.33,1.02231837
2015-02-19,1.33,1.02231837
2015-02-20,1.33,1.02231837
2015-02-21,1.33,1.02231837
2015-02-22,1.33,1.02231837
2015-02-23,1.33,1.02231837
2015-02-24,1.33,1.02231837
2015-02-25,1.33,1.02231837
2015-02-26,1.33,1.02231837
2015-02-27,1.33,1.02231837
2015-02-28,1.33,1.02231837
2015-03-01,1.24,1.034995117788
2015-03-02,1.24,1.034995117788
2015-03-03,1.24,1.034995117788
2015-03-04,1.24,1.034995117788
2015-03-05,1.24,1.034995117788
2015-03-06,1.24,1.034995117788
2015-03-07,1.24,1.034995117788
2015-03-08,1.24,1.034995117788
2015-03-09,1.24,1.034995117788
2015-03-10,1.24,1.034995117788
2015-03-11,1.24,1.034995117788
2015-03-12,1.24,1.034995117788
2015-03-13,1.24,1.034995117788
2015-03-14,1.24,1.034995117788
2015-03-15,1.24,1.034995117788
2015-03-16,1.24,1.034995117788
2015-03-17,1.24,1.034995117788
2015-03-18,1.24,1.034995117788
2015-03-19,1.24,1.034995117788
2015-03-20,1.24,1.034995117788
2015-03-21,1.24,1.034995117788
2015-03-22,1.24,1.034995117788
2015-03-23,1.24,1.034995117788
2015-03-24,1.24,1.034995117788
2015-03-25,1.24,1.034995117788
2015-03-26,1.24,1.034995117788
2015-03-27,1.24,1.034995117788
2015-03-28,1.24,1.034995117788
2015-03-29,1.24,1.034995117788
2015-03-30,1.24,1.034995117788
2015-03-31,1.24,1.034995117788
2015-04-01,1.07,1.0460695655483314
2015-04-02,1.07,1.0460695655483314
2015-04-03,1.07,1.0460695655483314
2015-04-04,1.07,1.0460695655483314
2015-04-05,1.07,1.0460695655483314
2015-04-06,1.07,1.0460695655483314
2015-04-07,1.07,1.0460695655483314
2015-04-08,1.07,1.0460695655483314
2015-04-09,1.07,1.0460695655483314
2015-04-10,1.07,1.0460695655483314
2015-04-11,1.07,1.0460695655483314
2015-04-12,1.07,1.0460695655483314
2015-04-13,1.07,1.0460695655483314
2015-04-14,1.07,1.0460695655483314
2015-04-15,1.07,1.0460695655483314
2015-04-16,1.07,1.0460695655483314
2015-04-17,1.07,1.0460695655483314
2015-04-18,1.07,1.0460695655483314
2015-04-19,1.07,1.0460695655483314
2015-04-20,1.07,1.0460695655483314
2015-04-21,1.07,1.0460695655483314
2015-04-22,1.07,1.0460695655483314
2015-04-23,1.07,1.0460695655483314
2015-04-24,1.07,1.0460695655483314
2015-04-25,1.07,1.0460695655483314
2015-04-26,1.07,1.0460695655483314
2015-04-27,1.07,1.0460695655483314
2015-04-28,1.07,1.0460695655483314
2015-04-29,1.07,1.0460695655483314
2015-04-30,1.07,1.0460695655483314
2015-05-01,0.6,1.0523459829416215
2015-05-02,0.6,1.0523459829416215
2015-05-03,0.6,1.0523459829416215
2015-05-04,0.6,1.0523459829416215
2015-05-05,0.6,1.0523459829416215
2015-05-06,0.6,1.0523459829416215
2015-05-07,0.6,1.0523459829416215
2015-05-08,0.6,1.0523459829416215
2015-05-09,0.6,1.0523459829416215
2015-05-10,0.6,1.0523459829416215
2015-05-11,0.6,1.0523459829416215
2015-05-12,0.6,1.0523459829416215
2015-05-13,0.6,1.0523459829416215
2015-05-14,0.6,1.0523459829416215
2015-05-15,0.6,1.0523459829416215
2015-05-16,0.6,1.0523459829416215
2015-05-17,0.6,1.0523459829416215
2015-05-18,0.6,1.0523459829416215
2015-05-19,0.6,1.0523459829416215
2015-05-20,0.6,1.0523459829416215
2015-05-21,0.6,1.0523459829416215
2015-05-22,0.6,1.0523459829416215
2015-05-23,0.6,1.0523459829416215
2015-05-24,0.6,1.0523459829416215
2015-05-25,0.6,1.0523459829416215
2015-05-26,0.6,1.0523459829416215
2015-05-27,0.6,1.0523459829416215
2015-05-28,0.6,1.0523459829416215
2015-05-29,0.6,1.0523459829416215
2015-05-30,0.6,1.0523459829416215
2015-05-31,0.6,1.0523459829416215
2015-06-01,0.99,1.0627642081727435
2015-06-02,0.99,1.0627642081727435
2015-06-03,0.99,1.0627642081727435
2015-06-04,0.99,1.0627642081727435
2015-06-05,0.99,1.0627642081727435
2015-06-06,0.99,1.0627642081727435
2015-06-07,0.99,1.0627642081727435
2015-06-08,0.99,1.0627642081727435
2015-06-09,0.99,1.0627642081727435
2015-06-10,0.99,1.0627642081727435
2015-06-11,0.99,1.0627642081727435
2015-06-12,0.99,1.0627642081727435
2015-06-13,0.99,1.0627642081727435
2015-06-14,0.99,1.0627642081727435
2015-06-15,0.99,1.0627642081727435
2015-06-16,0.99,1.0627642081727435
2015-06-17,0.99,1.0627642081727435
2015-06-18,0.99,1.0627642081727435
2015-06-19,0.99,1.0627642081727435
2015-06-20,0.99,1.0627642081727435
2015-06-21,0.99,1.0627642081727435
2015-06-22,0.99,1.0627642081727435
2015-06-23,0.99,1.0627642081727435
2015-06-24,0.99,1.0627642081727435
2015-06-25,0.99,1.0627642081727435
2015-06-26,0.99,1.0627642081727435
2015-06-27,0.99,1.0627642081727435
2015-06-28,0.99,1.0627642081727435
2015-06-29,0.99,1.0627642081727435
2015-06-30,0.99,1.0627642081727435
2015-07-01,0.59,1.0690345170009627
2015-07-02,0.59,1.0690345170009627
2015-07-03,0.59,1.0690345170009627
2015-07-04,0.59,1.0690345170009627
2015-07-05,0.59,1.0690345170009627
2015-07-06,0.59,1.0690345170009627
2015-07-07,0.59,1.0690345170009627
2015-07-08,0.59,1.0690345170009627
2015-07-09,0.59,1.0690345170009627
2015-07-10,0.59,1.0690345170009627
2015-07-11,0.59,1.0690345170009627
2015-07-12,0.59,1.0690345170009627
2015-07-13,0.59,1.0690345170009627
2015-07-14,0.59,1.0690345170009627
2015-07-15,0.59,1.0690345170009627
2015-07-16,0.59,1.0690345170009627
2015-07-17,0.59,1.0690345170009627
2015-07-18,0.59,1.0690345170009627
2015-07-19,0.59,1.0690345170009627
2015-07-20,0.59,1.0690345170009627
2015-07-21,0.59,1.0690345170009627
2015-07-22,0.59,1.0690345170009627
2015-07-23,0.59,1.0690345170009627
2015-07-24,0.59,1.0690345170009627
2015-07-25,0.59,1.0690345170009627
2015-07-26,0.59,1.0690345170009627
2015-07-27,0.59,1.0690345170009627
2015-07-28,0.59,1.0690345170009627
2015-07-29,0.59,1.0690345170009627
2015-07-30,0.59,1.0690345170009627
2015-07-31,0.59,1.0690345170009627
2015-08-01,0.43,1.0736313654240668
2015-08-02,0.43,1.0736313654240668
2015-08-03,0.43,1.0736313654240668
2015-08-04,0.43,1.0736313654240668
2015-08-05,0.43,1.0736313654240668
2015-08-06,0.43,1.0736313654240668
2015-08-07,0.43,1.0736313654240668
2015-08-08,0.43,1.0736313654240668
2015-08-09,0.43,1.0736313654240668
2015-08-10,0.43,1.0736313654240668
2015-08-11,0.43,1.0736313654240668
2015-08-12,0.43,1.0736313654240668
2015-08-13,0.43,1.0736313654240668
2015-08-14,0.43,1.0736313654240668
2015-08-15,0.43,1.0736313654240668
2015-08-16,0.43,1.0736313654240668
2015-08-17,0.43,1.0736313654240668
2015-08-18,0.43,1.0736313654240668
2015-08-19,0.43,1.0736313654240668
2015-08-20,0.43,1.0736313654240668
2015-08-21,0.43,1.0736313654240668
2015-08-22,0.43,1.0736313654240668
2015-08-23,0.43,1.0736313654240668
2015-08-24,0.43,1.0736313654240668
2015-08-25,0.43,1.0736313654240668
2015-08-26,0.43,1.0736313654240668
2015-08-27,0.43,1.0736313654240668
2015-08-28,0.43,1.0736313654240668
2015-08-29,0.43,1.0736313654240668
2015-08-30,0.43,1.0736313654240668
2015-08-31,0.43,1.0736313654240668
2015-09-01,0.39,1.0778185277492207
2015-09-02,0.39,1.0778185277492207
2015-09-03,0.39,1.0778185277492207
2015-09-04,0.39,1.0778185277492207
2015-09-05,0.39,1.0778185277492207
2015-09-06,0.39,1.0778185277492207
2015-09-07,0.39,1.0778185277492207
2015-09-08,0.39,1.0778185277492207
2015-09-09,0.39,1.0778185277492207
2015-09-10,0.39,1.0778185277492207
2015-09-11,0.39,1.0778185277492207
2015-09-12,0.39,1.0778185277492207
2015-09-13,0.39,1.0778185277492207
2015-09-14,0.39,1.0778185277492207
2015-09-15,0.39,1.0778185277492207
2015-09-16,0.39,1.0778185277492207
2015-09-17,0.39,1.0778185277492207
2015-09-18,0.39,1.0778185277492207
2015-09-19,0.39,1.0778185277492207
2015-09-20,0.39,1.0778185277492207
2015-09-21,0.39,1.0778185277492207
2015-09-22,0.39,1.0778185277492207
2015-09-23,0.39,1.0778185277492207
2015-09-24,0.39,1.0778185277492207
2015-09-25,0.39,1.0778185277492207
2015-09-26,0.39,1.0778185277492207
2015-09-27,0.39,1.0778185277492207
2015-09-28,0.39,1.0778185277492207
2015-09-29,0.39,1.0778185277492207
2015-09-30,0.39,1.0778185277492207
2015-10-01,0.66,1.0849321300323655
2015-10-02,0.66,1.0849321300323655
2015-10-03,0.66,1.0849321300323655
2015-10-04,0.66,1.0849321300323655
2015-10-05,0.66,1.0849321300323655
2015-10-06,0.66,1.0849321300323655
2015-10-07,0.66,1.0849321300323655
2015-10-08,0.66,1.0849321300323655
2015-10-09,0.66,1.0849321300323655
2015-10-10,0.66,1.0849321300323655
2015-10-11,0.66,1.0849321300323655
2015-10-12,0.66,1.0849321300323655
2015-10-13,0.66,1.0849321300323655
2015-10-14,0.66,1.0849321300323655
2015-10-15,0.66,1.0849321300323655
2015-10-16,0.66,1.0849321300323655
2015-10-17,0.66,1.0849321300323655
2015-10-18,0.66,1.0849321300323655
2015-10-19,0.66,1.0849321300323655
2015-10-20,0.66,1.0849321300323655
2015-10-21,0.66,1.0849321300323655
2015-10-22,0.66,1.0849321300323655
2015-10-23,0.66,1.0849321300323655
2015-10-24,0.66,1.0849321300323655
2015-10-25,0.66,1.0849321300323655
2015-10-26,0.66,1.0849321300323655
2015-10-27,0.66,1.0849321300323655
2015-10-28,0.66,1.0849321300323655
2015-10-29,0.66,1.0849321300323655
2015-10-30,0.66,1.0849321300323655
2015-10-31,0.66,1.0849321300323655
2015-11-01,0.85,1.0941540531376406
2015-11-02,0.85,1.0941540531376406
2015-11-03,0.85,1.0941540531376406
2015-11-04,0.85,1.0941540531376406
2015-11-05,0.85,1.0941540531376406
2015-11-06,0.85,1.0941540531376406
2015-11-07,0.85,1.0941540531376406
2015-11-08,0.85,1.0941540531376406
2015-11-09,0.85,1.0941540531376406
2015-11-10,0.85,1.0941540531376406
2015-11-11,0.85,1.0941540531376406
2015-11-12,0.85,1.0941540531376406
2015-11-13,0.85,1.0941540531376406
2015-11-14,0.85,1.0941540531376406
2015-11-15,0.85,1.0941540531376406
2015-11-16,0.85,1.0941540531376406
2015-11-17,0.85,1.0941540531376406
2015-11-18,0.85,1.0941540531376406
2015-11-19,0.85,1.0941540531376406
2015-11-20,0.85,1.0941540531376406
2015-11-21,0.85,1.0941540531376406
2015-11-22,0.85,1.0941540531376406
2015-11-23,0.85,1.0941540531376406
2015-11-24,0.85,1.0941540531376406
2015-11-25,0.85,1.0941540531376406
2015-11-26,0.85,1.0941540531376406
2015-11-27,0.85,1.0941540531376406
2015-11-28,0.85,1.0941540531376406
2015-11-29,0.85,1.0941540531376406
2015-11-30,0.85,1.0941540531376406
2015-12-01,1.18,1.1070650709646648
2015-12-02,1.18,1.1070650709646648
2015-12-03,1.18,1.1070650709646648
2015-12-04,1.18,1.1070650709646648
2015-12-05,1.18,1.1070650709646648
2015-12-06,1.18,1.1070650709646648
2015-12-07,1.18,1.1070650709646648
2015-12-08,1.18,1.1070650709646648
2015-12-09,1.18,1.1070650709646648
2015-12-10,1.18,1.1070650709646648
2015-12-11,1.18,1.1070650709646648
2015-12-12,1.18,1.1070650709646648
2015-12-13,1.18,1.1070650709646648
2015-12-14,1.18,1.1070650709646648
2015-12-15,1.18,1.1070650709646648
2015-12-16,1.18,1.1070650709646648
2015-12-17,1.18,1.1070650709646648
2015-12-18,1.18,1.1070650709646648
2015-12-19,1.18,1.1070650709646648
2015-12-20,1.18,1.1070650709646648
2015-12-21,1.18,1.1070650709646648
2015-12-22,1.18,1.1070650709646648
2015-12-23,1.18,1.1070650709646648
2015-12-24,1.18,1.1070650709646648
2015-12-25,1.18,1.1070650709646648
2015-12-26,1.18,1.1070650709646648
2015-12-27,1.18,1.1070650709646648
2015-12-28,1.18,1.1070650709646648
2015-12-29,1.18,1.1070650709646648
2015-12-30,1.18,1.1070650709646648
2015-12-31,1.18,1.1070650709646648
2016-01-01,0.92,1.1172500696175398
2016-01-02,0.92,1.1172500696175398
2016-01-03,0.92,1.1172500696175398
2016-01-04,0.92,1.1172500696175398
2016-01-05,0.92,1.1172500696175398
2016-01-06,0.92,1.1172500696175398
2016-01-07,0.92,1.1172500696175398
2016-01-08,0.92,1.1172500696175398
2016-01-09,0.92,1.1172500696175398
2016-01-10,0.92,1.1172500696175398
2016-01-11,0.92,1.1172500696175398
2016-01-12,0.92,1.1172500696175398
2016-01-13,0.92,1.1172500696175398
2016-01-14,0.92,1.1172500696175398
2016-01-15,0.92,1.1172500696175398
2016-01-16,0.92,1.1172500696175398
2016-01-17,0.92,1.1172500696175398
2016-01-18,0.92,1.1172500696175398
2016-01-19,0.92,1.1172500696175398
2016-01-20,0.92,1.1172500696175398
2016-01-21,0.92,1.1172500696175398
2016-01-22,0.92,1.1172500696175398
2016-01-23,0.92,1.1172500696175398
2016-01-24,0.92,1.1172500696175398
2016-01-25,0.92,1.1172500696175398
2016-01-26,0.92,1.1172500696175398
2016-01-27,0.92,1.1172500696175398
2016-01-28,0.92,1.1172500696175398
2016-01-29,0.92,1.1172500696175398
2016-01-30,0.92,1.1172500696175398
2016-01-31,0.92,1.1172500696175398
2016-02-01,1.42,1.133115020606109
2016-02-02,1.42,1.133115020606109
2016-02-03,1.42,1.133115020606109
2016-02-04,1.42,1.133115020606109
2016-02-05,1.42,1.133115020606109
2016-02-06,1.42,1.133115020606109
2016-02-07,1.42,1.133115020606109
2016-02-08,1.42,1.133115020606109
2016-02-09,1.42,1.133115020606109
2016-02-10,1.42,1.133115020606109
2016-02-11,1.42,1.133115020606109
2016-02-12,1.42,1.133115020606109
2016-02-13,1.42,1.133115020606109
2016-02-14,1.42,1.133115020606109
2016-02-15,1.42,1.133115020606109
2016-02-16,1.42,1.133115020606109
2016-02-17,1.42,1.133115020606109
2016-02-18,1.42,1.133115020606109
2016-02-19,1.42,1.133115020606109
2016-02-20,1.42,1.133115020606109
2016-02-21,1.42,1.133115020606109
2016-02-22,1.42,1.133115020606109
2016-02-23,1.42,1.133115020606109
2016-02-24,1.42,1.133115020606109
2016-02-25,1.42,1.133115020606109
2016-02-26,1.42,1.133115020606109
2016-02-27,1.42,1.133115020606109
2016-02-28,1.42,1.133115020606109
2016-02-29,1.42,1.133115020606109
2016-03-01,0.43,1.1379874151947151
2016-03-02,0.43,1.1379874151947151
2016-03-03,0.43,1.1379874151947151
2016-03-04,0.43,1.1379874151947151
2016-03-05,0.43,1.1379874151947151
2016-03-06,0.43,1.1379874151947151
2016-03-07,0.43,1.1379874151947151
2016-03-08,0.43,1.1379874151947151
2016-03-09,0.43,1.1379874151947151
2016-03-10,0.43,1.1379874151947151
2016-03-11,0.43,1.1379874151947151
2016-03-12,0.43,1.1379874151947151
2016-03-13,0.43,1.1379874151947151
2016-03-14,0.43,1.1379874151947151
2016-03-15,0.43,1.1379874151947151
2016-03-16,0.43,1.1379874151947151
2016-03-17,0.43,1.1379874151947151
2016-03-18,0.43,1.1379874151947151
2016-03-19,0.43,1.1379874151947151
2016-03-20,0.43,1.1379874151947151
2016-03-21,0.43,1.1379874151947151
2016-03-22,0.43,1.1379874151947151
2016-03-23,0.43,1.1379874151947151
2016-03-24,0.43,1.1379874151947151
2016-03-25,0.43,1.1379874151947151
2016-03-26,0.43,1.1379874151947151
2016-03-27,0.43,1.1379874151947151
2016-03-28,0.43,1.1379874151947151
2016-03-29,0.43,1.1379874151947151
2016-03-30,0.43,1.1379874151947151
2016-03-31,0.43,1.1379874151947151
2016-04-01,0.51,1.1437911510122083
2016-04-02,0.51,1.1437911510122083
2016-04-03,0.51,1.1437911510122083
2016-04-04,0.51,1.1437911510122083
2016-04-05,0.51,1.1437911510122083
2016-04-06,0.51,1.1437911510122083
2016-04-07,0.51,1.1437911510122083
2016-04-08,0.51,1.1437911510122083
2016-04-09,0.51,1.1437911510122083
2016-04-10,0.51,1.1437911510122083
2016-04-11,0.51,1.1437911510122083
2016-04-12,0.51,1.1437911510122083
2016-04-13,0.51,1.1437911510122083
2016-04-14,0.51,1.1437911510122083
2016-04-15,0.51,1.1437911510122083
2016-04-16,0.51,1.1437911510122083
2016-04-17,0.51,1.1437911510122083
2016-04-18,0.51,1.1437911510122083
2016-04-19,0.51,1.1437911510122083
2016-04-20,0.51,1.1437911510122083
2016-04-21,0.51,1.1437911510122083
2016-04-22,0.51,1.1437911510122083
2016-04-23,0.51,1.1437911510122083
2016-04-24,0.51,1.1437911510122083
2016-04-25,0.51,1.1437911510122083
2016-04-26,0.51,1.1437911510122083
2016-04-27,0.51,1.1437911510122083
2016-04-28,0.51,1.1437911510122083
2016-04-29,0.51,1.1437911510122083
2016-04-30,0.51,1.1437911510122083
2016-05-01,0.86,1.1536277549109133
2016-05-02,0.86,1.1536277549109133
2016-05-03,0.86,1.1536277549109133
2016-05-04,0.86,1.1536277549109133
2016-05-05,0.86,1.1536277549109133
2016-05-06,0.86,1.1536277549109133
2016-05-07,0.86,1.1536277549109133
2016-05-08,0.86,1.1536277549109133
2016-05-09,0.86,1.1536277549109133
2016-05-10,0.86,1.1536277549109133
2016-05-11,0.86,1.1536277549109133
2016-05-12,0.86,1.1536277549109133
2016-05-13,0.86,1.1536277549109133
2016-05-14,0.86,1.1536277549109133
2016-05-15,0.86,1.1536277549109133
2016-05-16,0.86,1.1536277549109133
2016-05-17,0.86,1.1536277549109133
2016-05-18,0.86,1.1536277549109133
2016-05-19,0.86,1.1536277549109133
2016-05-20,0.86,1.1536277549109133
2016-05-21,0.86,1.1536277549109133
2016-05-22,0.86,1.1536277549109133
2016-05-23,0.86,1.1536277549109133
2016-05-24,0.86,1.1536277549109133
2016-05-25,0.86,1.1536277549109133
2016-05-26,0.86,1.1536277549109133
2016-05-27,0.86,1.1536277549109133
2016-05-28,0.86,1.1536277549109133
2016-05-29,0.86,1.1536277549109133
2016-05-30,0.86,1.1536277549109133
2016-05-31,0.86,1.1536277549109133
2016-06-01,0.4,1.158242265930557
2016-06-02,0.4,1.158242265930557
2016-06-03,0.4,1.158242265930557
2016-06-04,0.4,1.158242265930557
2016-06-05,0.4,1.158242265930557
2016-06-06,0.4,1.158242265930557
2016-06-07,0.4,1.158242265930557
2016-06-08,0.4,1.158242265930557
2016-06-09,0.4,1.158242265930557
2016-06-10,0.4,1.158242265930557
2016-06-11,0.4,1.158242265930557
2016-06-12,0.4,1.158242265930557
2016-06-13,0.4,1.158242265930557
2016-06-14,0.4,1.158242265930557
2016-06-15,0.4,1.158242265930557
2016-06-16,0.4,1.158242265930557
2016-06-17,0.4,1.158242265930557
2016-06-18,0.4,1.158242265930557
2016-06-19,0.4,1.158242265930557
2016-06-20,0.4,1.158242265930557
2016-06-21,0.4,1.158242265930557
2016-06-22,0.4,1.158242265930557
2016-06-23,0.4,1.158242265930557
2016-06-24,0.4,1.158242265930557
2016-06-25,0.4,1.158242265930557
2016-06-26,0.4,1.158242265930557
2016-06-27,0.4,1.158242265930557
2016-06-28,0.4,1.158242265930557
2016-06-29,0.4,1.158242265930557
2016-06-30,0.4,1.158242265930557
2016-07-01,0.54,1.164496774166582
2016-07-02,0.54,1.164496774166582
2016-07-03,0.54,1.164496774166582
2016-07-04,0.54,1.164496774166582
2016-07-05,0.54,1.164496774166582
2016-07-06,0.54,1.164496774166582
2016-07-07,0.54,1.164496774166582
2016-07-08,0.54,1.164496774166582
2016-07-09,0.54,1.164496774166582
2016-07-10,0.54,1.164496774166582
2016-07-11,0.54,1.164496774166582
2016-07-12,0.54,1.164496774166582
2016-07-13,0.54,1.164496774166582
2016-07-14,0.54,1.164496774166582
2016-07-15,0.54,1.164496774166582
2016-07-16,0.54,1.164496774166582
2016-07-17,0.54,1.164496774166582
2016-07-18,0.54,1.164496774166582
2016-07-19,0.54,1.164496774166582
2016-07-20,0.54,1.164496774166582
2016-07-21,0.54,1.164496774166582
2016-07-22,0.54,1.164496774166582
2016-07-23,0.54,1.164496774166582
2016-07-24,0.54,1.164496774166582
2016-07-25,0.54,1.164496774166582
2016-07-26,0.54,1.164496774166582
2016-07-27,0.54,1.164496774166582
2016-07-28,0.54,1.164496774166582
2016-07-29,0.54,1.164496774166582
2016-07-30,0.54,1.164496774166582
2016-07-31,0.54,1.164496774166582
2016-08-01,0.45,1.1697370096503314
2016-08-02,0.45,1.1697370096503314
2016-08-03,0.45,1.1697370096503314
2016-08-04,0.45,1.1697370096503314
2016-08-05,0.45,1.1697370096503314
2016-08-06,0.45,1.1697370096503314
2016-08-07,0.45,1.1697370096503314
2016-08-08,0.45,1.1697370096503314
2016-08-09,0.45,1.1697370096503314
2016-08-10,0.45,1.1697370096503314
2016-08-11,0.45,1.1697370096503314
2016-08-12,0.45,1.1697370096503314
2016-08-13,0.45,1.1697370096503314
2016-08-14,0.45,1.1697370096503314
2016-08-15,0.45,1.1697370096503314
2016-08-16,0.45,1.1697370096503314
2016-08-17,0.45,1.1697370096503314
2016-08-18,0.45,1.1697370096503314
2016-08-19,0.45,1.1697370096503314
2016-08-20,0.45,1.1697370096503314
2016-08-21,0.45,1.1697370096503314
2016-08-22,0.45,1.1697370096503314
2016-08-23,0.45,1.1697370096503314
2016-08-24,0.45,1.1697370096503314
2016-08-25,0.45,1.1697370096503314
2016-08-26,0.45,1.1697370096503314
2016-08-27,0.45,1.1697370096503314
2016-08-28,0.45,1.1697370096503314
2016-08-29,0.45,1.1697370096503314
2016-08-30,0.45,1.1697370096503314
2016-08-31,0.45,1.1697370096503314
2016-09-01,0.23,1.1724274047725272
2016-09-02,0.23,1.1724274047725272
2016-09-03,0.23,1.1724274047725272
2016-09-04,0.23,1.1724274047725272
2016-09-05,0.23,1.1724274047725272
2016-09-06,0.23,1.1724274047725272
2016-09-07,0.23,1.1724274047725272
2016-09-08,0.23,1.1724274047725272
2016-09-09,0.23,1.1724274047725272
2016-09-10,0.23,1.1724274047725272
2016-09-11,0.23,1.1724274047725272
2016-09-12,0.23,1.1724274047725272
2016-09-13,0.23,1.1724274047725272
2016-09-14,0.23,1.1724274047725272
2016-09-15,0.23,1.1724274047725272
2016-09-16,0.23,1.1724274047725272
2016-09-17,0.23,1.1724274047725272
2016-09-18,0.23,1.1724274047725272
2016-09-19,0.23,1.1724274047725272
2016-09-20,0.23,1.1724274047725272
2016-09-21,0.23,1.1724274047725272
2016-09-22,0.23,1.1724274047725272
2016-09-23,0.23,1.1724274047725272
2016-09-24,0.23,1.1724274047725272
2016-09-25,0.23,1.1724274047725272
2016-09-26,0.23,1.1724274047725272
2016-09-27,0.23,1.1724274047725272
2016-09-28,0.23,1.1724274047725272
2016-09-29,0.23,1.1724274047725272
2016-09-30,0.23,1.1724274047725272
2016-10-01,0.19,1.174655016841595
2016-10-02,0.19,1.174655016841595
2016-10-03,0.19,1.174655016841595
2016-10-04,0.19,1.174655016841595
2016-10-05,0.19,1.174655016841595
2016-10-06,0.19,1.174655016841595
2016-10-07,0.19,1.174655016841595
2016-10-08,0.19,1.174655016841595
2016-10-09,0.19,1.174655016841595
2016-10-10,0.19,1.174655016841595
2016-10-11,0.19,1.174655016841595
2016-10-12,0.19,1.174655016841595
2016-10-13,0.19,1.174655016841595
2016-10-14,0.19,1.174655016841595
2016-10-15,0.19,1.174655016841595
2016-10-16,0.19,1.174655016841595
2016-10-17,0.19,1.174655016841595
2016-10-18,0.19,1.174655016841595
2016-10-19,0.19,1.174655016841595
2016-10-20,0.19,1.174655016841595
2016-10-21,0.19,1.174655016841595
2016-10-22,0.19,1.174655016841595
2016-10-23,0.19,1.174655016841595
2016-10-24,0.19,1.174655016841595
2016-10-25,0.19,1.174655016841595
2016-10-26,0.19,1.174655016841595
2016-10-27,0.19,1.174655016841595
2016-10-28,0.19,1.174655016841595
2016-10-29,0.19,1.174655016841595
2016-10-30,0.19,1.174655016841595
2016-10-31,0.19,1.174655016841595
2016-11-01,0.26,1.177709119885383
2016-11-02,0.26,1.177709119885383
2016-11-03,0.26,1.177709119885383
2016-11-04,0.26,1.177709119885383
2016-11-05,0.26,1.177709119885383
2016-11-06,0.26,1.177709119885383
2016-11-07,0.26,1.177709119885383
2016-11-08,0.26,1.177709119885383
2016-11-09,0.26,1.177709119885383
2016-11-10,0.26,1.177709119885383
2016-11-11,0.26,1.177709119885383
2016-11-12,0.26,1.177709119885383
2016-11-13,0.26,1.177709119885383
2016-11-14,0.26,1.177709119885383
2016-11-15,0.26,1.177709119885383
2016-11-16,0.26,1.177709119885383
2016-11-17,0.26,1.177709119885383
2016-11-18,0.26,1.177709119885383
2016-11-19,0.26,1.177709119885383
2016-11-20,0.26,1.177709119885383
2016-11-21,0.26,1.177709119885383
2016-11-22,0.26,1.177709119885383
2016-11-23,0.26,1.177709119885383
2016-11-24,0.26,1.177709119885383
2016-11-25,0.26,1.177709119885383
2016-11-26,0.26,1.177709119885383
2016-11-27,0.26,1.177709119885383
2016-11-28,0.26,1.177709119885383
2016-11-29,0.26,1.177709119885383
2016-11-30,0.26,1.177709119885383
2016-12-01,0.19,1.1799467672131654
2016-12-02,0.19,1.1799467672131654
2016-12-03,0.19,1.1799467672131654
2016-12-04,0.19,1.1799467672131654
2016-12-05,0.19,1.1799467672131654
2016-12-06,0.19,1.1799467672131654
2016-12-07,0.19,1.1799467672131654
2016-12-08,0.19,1.1799467672131654
2016-12-09,0.19,1.1799467672131654
2016-12-10,0.19,1.1799467672131654
2016-12-11,0.19,1.1799467672131654
2016-12-12,0.19,1.1799467672131654
2016-12-13,0.19,1.1799467672131654
2016-12-14,0.19,1.1799467672131654
2016-12-15,0.19,1.1799467672131654
2016-12-16,0.19,1.1799467672131654
2016-12-17,0.19,1.1799467672131654
2016-12-18,0.19,1.1799467672131654
2016-12-19,0.19,1.1799467672131654
2016-12-20,0.19,1.1799467672131654
2016-12-21,0.19,1.1799467672131654
2016-12-22,0.19,1.1799467672131654
2016-12-23,0.19,1.1799467672131654
2016-12-24,0.19,1.1799467672131654
2016-12-25,0.19,1.1799467672131654
2016-12-26,0.19,1.1799467672131654
2016-12-27,0.19,1.1799467672131654
2016-12-28,0.19,1.1799467672131654
2016-12-29,0.19,1.1799467672131654
2016-12-30,0.19,1.1799467672131654
2016-12-31,0.19,1.1799467672131654
2017-01-01,0.31,1.1836046021915263
2017-01-02,0.31,1.1836046021915263
2017-01-03,0.31,1.1836046021915263
2017-01-04,0.31,1.1836046021915263
2017-01-05,0.31,1.1836046021915263
2017-01-06,0.31,1.1836046021915263
2017-01-07,0.31,1.1836046021915263
2017-01-08,0.31,1.1836046021915263
2017-01-09,0.31,1.1836046021915263
2017-01-10,0.31,1.1836046021915263
2017-01-11,0.31,1.1836046021915263
2017-01-12,0.31,1.1836046021915263
2017-01-13,0.31,1.1836046021915263
2017-01-14,0.31,1.1836046021915263
2017-01-15,0.31,1.1836046021915263
2017-01-16,0.31,1.1836046021915263
2017-01-17,0.31,1.1836046021915263
2017-01-18,0.31,1.1836046021915263
2017-01-19,0.31,1.1836046021915263
2017-01-20,0.31,1.1836046021915263
2017-01-21,0.31,1.1836046021915263
2017-01-22,0.31,1.1836046021915263
2017-01-23,0.31,1.1836046021915263
2017-01-24,0.31,1.1836046021915263
2017-01-25,0.31,1.1836046021915263
2017-01-26,0.31,1.1836046021915263
2017-01-27,0.31,1.1836046021915263
2017-01-28,0.31,1.1836046021915263
2017-01-29,0.31,1.1836046021915263
2017-01-30,0.31,1.1836046021915263
2017-01-31,0.31,1.1836046021915263
2017-02-01,0.54,1.1899960670433607
2017-02-02,0.54,1.1899960670433607
2017-02-03,0.54,1.1899960670433607
2017-02-04,0.54,1.1899960670433607
2017-02-05,0.54,1.1899960670433607
2017-02-06,0.54,1.1899960670433607
2017-02-07,0.54,1.1899960670433607
2017-02-08,0.54,1.1899960670433607
2017-02-09,0.54,1.1899960670433607
2017-02-10,0.54,1.1899960670433607
2017-02-11,0.54,1.1899960670433607
2017-02-12,0.54,1.1899960670433607
2017-02-13,0.54,1.1899960670433607
2017-02-14,0.54,1.1899960670433607
2017-02-15,0.54,1.1899960670433607
2017-02-16,0.54,1.1899960670433607
2017-02-17,0.54,1.1899960670433607
2017-02-18,0.54,1.1899960670433607
2017-02-19,0.54,1.1899960670433607
2017-02-20,0.54,1.1899960670433607
2017-02-21,0.54,1.1899960670433607
2017-02-22,0.54,1.1899960670433607
2017-02-23,0.54,1.1899960670433607
2017-02-24,0.54,1.1899960670433607
2017-02-25,0.54,1.1899960670433607
2017-02-26,0.54,1.1899960670433607
2017-02-27,0.54,1.1899960670433607
2017-02-28,0.54,1.1899960670433607
2017-03-01,0.15,1.191781061143926
2017-03-02,0.15,1.191781061143926
2017-03-03,0.15,1.191781061143926
2017-03-04,0.15,1.191781061143926
2017-03-05,0.15,1.191781061143926
2017-03-06,0.15,1.191781061143926
2017-03-07,0.15,1.191781061143926
2017-03-08,0.15,1.191781061143926
2017-03-09,0.15,1.191781061143926
2017-03-10,0.15,1.191781061143926
2017-03-11,0.15,1.191781061143926
2017-03-12,0.15,1.191781061143926
2017-03-13,0.15,1.191781061143926
2017-03-14,0.15,1.191781061143926
2017-03-15,0.15,1.191781061143926
2017-03-16,0.15,1.191781061143926
2017-03-17,0.15,1.191781061143926
2017-03-18,0.15,1.191781061143926
2017-03-19,0.15,1.191781061143926
2017-03-20,0.15,1.191781061143926
2017-03-21,0.15,1.191781061143926
2017-03-22,0.15,1.191781061143926
2017-03-23,0.15,1.191781061143926
2017-03-24,0.15,1.191781061143926
2017-03-25,0.15,1.191781061143926
2017-03-26,0.15,1.191781061143926
2017-03-27,0.15,1.191781061143926
2017-03-28,0.15,1.191781061143926
2017-03-29,0.15,1.191781061143926
2017-03-30,0.15,1.191781061143926
2017-03-31,0.15,1.191781061143926
2017-04-01,0.21,1.194283801372328
2017-04-02,0.21,1.194283801372328
2017-04-03,0.21,1.194283801372328
2017-04-04,0.21,1.194283801372328
2017-04-05,0.21,1.194283801372328
2017-04-06,0.21,1.194283801372328
2017-04-07,0.21,1.194283801372328
2017-04-08,0.21,1.194283801372328
2017-04-09,0.21,1.194283801372328
2017-04-10,0.21,1.194283801372328
2017-04-11,0.21,1.194283801372328
2017-04-12,0.21,1.194283801372328
2017-04-13,0.21,1.194283801372328
2017-04-14,0.21,1.194283801372328
2017-04-15,0.21,1.194283801372328
2017-04-16,0.21,1.194283801372328
2017-04-17,0.21,1.194283801372328
2017-04-18,0.21,1.194283801372328
2017-04-19,0.21,1.194283801372328
2017-04-20,0.21,1.194283801372328
2017-04-21,0.21,1.194283801372328
2017-04-22,0.21,1.194283801372328
2017-04-23,0.21,1.194283801372328
2017-04-24,0.21,1.194283801372328
2017-04-25,0.21,1.194283801372328
2017-04-26,0.21,1.194283801372328
2017-04-27,0.21,1.194283801372328
2017-04-28,0.21,1.194283801372328
2017-04-29,0.21,1.194283801372328
2017-04-30,0.21,1.194283801372328
2017-05-01,0.24,1.1971500824956216
2017-05-02,0.24,1.1971500824956216
2017-05-03,0.24,1.1971500824956216
2017-05-04,0.24,1.1971500824956216
2017-05-05,0.24,1.1971500824956216
2017-05-06,0.24,1.1971500824956216
2017-05-07,0.24,1.1971500824956216
2017-05-08,0.24,1.1971500824956216
2017-05-09,0.24,1.1971500824956216
2017-05-10,0.24,1.1971500824956216
2017-05-11,0.24,1.1971500824956216
2017-05-12,0.24,1.1971500824956216
2017-05-13,0.24,1.1971500824956216
2017-05-14,0.24,1.1971500824956216
2017-05-15,0.24,1.1971500824956216
2017-05-16,0.24,1.1971500824956216
2017-05-17,0.24,1.1971500824956216
2017-05-18,0.24,1.1971500824956216
2017-05-19,0.24,1.1971500824956216
2017-05-20,0.24,1.1971500824956216
2017-05-21,0.24,1.1971500824956216
2017-05-22,0.24,1.1971500824956216
2017-05-23,0.24,1.1971500824956216
2017-05-24,0.24,1.1971500824956216
2017-05-25,0.24,1.1971500824956216
2017-05-26,0.24,1.1971500824956216
2017-05-27,0.24,1.1971500824956216
2017-05-28,0.24,1.1971500824956216
2017-05-29,0.24,1.1971500824956216
2017-05-30,0.24,1.1971500824956216
2017-05-31,0.24,1.1971500824956216
2017-06-01,0.16,1.1990655226276146
2017-06-02,0.16,1.1990655226276146
2017-06-03,0.16,1.1990655226276146
2017-06-04,0.16,1.1990655226276146
2017-06-05,0.16,1.1990655226276146
2017-06-06,0.16,1.1990655226276146
2017-06-07,0.16,1.1990655226276146
2017-06-08,0.16,1.1990655226276146
2017-06-09,0.16,1.1990655226276146
2017-06-10,0.16,1.1990655226276146
2017-06-11,0.16,1.1990655226276146
2017-06-12,0.16,1.1990655226276146
2017-06-13,0.16,1.1990655226276146
2017-06-14,0.16,1.1990655226276146
2017-06-15,0.16,1.1990655226276146
2017-06-16,0.16,1.1990655226276146
2017-06-17,0.16,1.1990655226276146
2017-06-18,0.16,1.1990655226276146
2017-06-19,0.16,1.1990655226276146
2017-06-20,0.16,1.1990655226276146
2017-06-21,0.16,1.1990655226276146
2017-06-22,0.16,1.1990655226276146
2017-06-23,0.16,1.1990655226276146
2017-06-24,0.16,1.1990655226276146
2017-06-25,0.16,1.1990655226276146
2017-06-26,0.16,1.1990655226276146
2017-06-27,0.16,1.1990655226276146
2017-06-28,0.16,1.1990655226276146
2017-06-29,0.16,1.1990655226276146
2017-06-30,0.16,1.1990655226276146
2017-07-01,-0.18,1.196907204686885
2017-07-02,-0.18,1.196907204686885
2017-07-03,-0.18,1.196907204686885
2017-07-04,-0.18,1.196907204686885
2017-07-05,-0.18,1.196907204686885
2017-07-06,-0.18,1.196907204686885
2017-07-07,-0.18,1.196907204686885
2017-07-08,-0.18,1.196907204686885
2017-07-09,-0.18,1.196907204686885
2017-07-10,-0.18,1.196907204686885
2017-07-11,-0.18,1.196907204686885
2017-07-12,-0.18,1.196907204686885
2017-07-13,-0.18,1.196907204686885
2017-07-14,-0.18,1.196907204686885
2017-07-15,-0.18,1.196907204686885
2017-07-16,-0.18,1.196907204686885
2017-07-17,-0.18,1.196907204686885
2017-07-18,-0.18,1.196907204686885
2017-07-19,-0.18,1.196907204686885
2017-07-20,-0.18,1.196907204686885
2017-07-21,-0.18,1.196907204686885
2017-07-22,-0.18,1.196907204686885
2017-07-23,-0.18,1.196907204686885
2017-07-24,-0.18,1.196907204686885
2017-07-25,-0.18,1.196907204686885
2017-07-26,-0.18,1.196907204686885
2017-07-27,-0.18,1.196907204686885
2017-07-28,-0.18,1.196907204686885
2017-07-29,-0.18,1.196907204686885
2017-07-30,-0.18,1.196907204686885
2017-07-31,-0.18,1.196907204686885
2017-08-01,0.35,1.2010963799032892
2017-08-02,0.35,1.2010963799032892
2017-08-03,0.35,1.2010963799032892
2017-08-04,0.35,1.2010963799032892
2017-08-05,0.35,1.2010963799032892
2017-08-06,0.35,1.2010963799032892
2017-08-07,0.35,1.2010963799032892
2017-08-08,0.35,1.2010963799032892
2017-08-09,0.35,1.2010963799032892
2017-08-10,0.35,1.2010963799032892
2017-08-11,0.35,1.2010963799032892
2017-08-12,0.35,1.2010963799032892
2017-08-13,0.35,1.2010963799032892
2017-08-14,0.35,1.2010963799032892
2017-08-15,0.35,1.2010963799032892
2017-08-16,0.35,1.2010963799032892
2017-08-17,0.35,1.2010963799032892
2017-08-18,0.35,1.2010963799032892
2017-08-19,0.35,1.2010963799032892
2017-08-20,0.35,1.2010963799032892
2017-08-21,0.35,1.2010963799032892
2017-08-22,0.35,1.2010963799032892
2017-08-23,0.35,1.2010963799032892
2017-08-24,0.35,1.2010963799032892
2017-08-25,0.35,1.2010963799032892
2017-08-26,0.35,1.2010963799032892
2017-08-27,0.35,1.2010963799032892
2017-08-28,0.35,1.2010963799032892
2017-08-29,0.35,1.2010963799032892
2017-08-30,0.35,1.2010963799032892
2017-08-31,0.35,1.2010963799032892
2017-09-01,0.11,1.202417585921183
2017-09-02,0.11,1.202417585921183
2017-09-03,0.11,1.202417585921183
2017-09-04,0.11,1.202417585921183
2017-09-05,0.11,1.202417585921183
2017-09-06,0.11,1.202417585921183
2017-09-07,0.11,1.202417585921183
2017-09-08,0.11,1.202417585921183
2017-09-09,0.11,1.202417585921183
2017-09-10,0.11,1.202417585921183
2017-09-11,0.11,1.202417585921183
2017-09-12,0.11,1.202417585921183
2017-09-13,0.11,1.202417585921183
2017-09-14,0.11,1.202417585921183
2017-09-15,0.11,1.202417585921183
2017-09-16,0.11,1.202417585921183
2017-09-17,0.11,1.202417585921183
2017-09-18,0.11,1.202417585921183
2017-09-19,0.11,1.202417585921183
2017-09-20,0.11,1.202417585921183
2017-09-21,0.11,1.202417585921183
2017-09-22,0.11,1.202417585921183
2017-09-23,0.11,1.202417585921183
2017-09-24,0.11,1.202417585921183
2017-09-25,0.11,1.202417585921183
2017-09-26,0.11,1.202417585921183
2017-09-27,0.11,1.202417585921183
2017-09-28,0.11,1.202417585921183
2017-09-29,0.11,1.202417585921183
2017-09-30,0.11,1.202417585921183
2017-10-01,0.34,1.2065058057133151
2017-10-02,0.34,1.2065058057133151
2017-10-03,0.34,1.2065058057133151
2017-10-04,0.34,1.2065058057133151
2017-10-05,0.34,1.2065058057133151
2017-10-06,0.34,1.2065058057133151
2017-10-07,0.34,1.2065058057133151
2017-10-08,0.34,1.2065058057133151
2017-10-09,0.34,1.2065058057133151
2017-10-10,0.34,1.2065058057133151
2017-10-11,0.34,1.2065058057133151
2017-10-12,0.34,1.2065058057133151
2017-10-13,0.34,1.2065058057133151
2017-10-14,0.34,1.2065058057133151
2017-10-15,0.34,1.2065058057133151
2017-10-16,0.34,1.2065058057133151
2017-10-17,0.34,1.2065058057133151
2017-10-18,0.34,1.2065058057133151
2017-10-19,0.34,1.2065058057133151
2017-10-20,0.34,1.2065058057133151
2017-10-21,0.34,1.2065058057133151
2017-10-22,0.34,1.2065058057133151
2017-10-23,0.34,1.2065058057133151
2017-10-24,0.34,1.2065058057133151
2017-10-25,0.34,1.2065058057133151
2017-10-26,0.34,1.2065058057133151
2017-10-27,0.34,1.2065058057133151
2017-10-28,0.34,1.2065058057133151
2017-10-29,0.34,1.2065058057133151
2017-10-30,0.34,1.2065058057133151
2017-10-31,0.34,1.2065058057133151
2017-11-01,0.32,1.2103666242915978
2017-11-02,0.32,1.2103666242915978
2017-11-03,0.32,1.2103666242915978
2017-11-04,0.32,1.2103666242915978
2017-11-05,0.32,1.2103666242915978
2017-11-06,0.32,1.2103666242915978
2017-11-07,0.32,1.2103666242915978
2017-11-08,0.32,1.2103666242915978
2017-11-09,0.32,1.2103666242915978
2017-11-10,0.32,1.2103666242915978
2017-11-11,0.32,1.2103666242915978
2017-11-12,0.32,1.2103666242915978
2017-11-13,0.32,1.2103666242915978
2017-11-14,0.32,1.2103666242915978
2017-11-15,0.32,1.2103666242915978
2017-11-16,0.32,1.2103666242915978
2017-11-17,0.32,1.2103666242915978
2017-11-18,0.32,1.2103666242915978
2017-11-19,0.32,1.2103666242915978
2017-11-20,0.32,1.2103666242915978
2017-11-21,0.32,1.2103666242915978
2017-11-22,0.32,1.2103666242915978
2017-11-23,0.32,1.2103666242915978
2017-11-24,0.32,1.2103666242915978
2017-11-25,0.32,1.2103666242915978
2017-11-26,0.32,1.2103666242915978
2017-11-27,0.32,1.2103666242915978
2017-11-28,0.32,1.2103666242915978
2017-11-29,0.32,1.2103666242915978
2017-11-30,0.32,1.2103666242915978
2017-12-01,0.35,1.2146029074766185
2017-12-02,0.35,1.2146029074766185
2017-12-03,0.35,1.2146029074766185
2017-12-04,0.35,1.2146029074766185
2017-12-05,0.35,1.2146029074766185
2017-12-06,0.35,1.2146029074766185
2017-12-07,0.35,1.2146029074766185
2017-12-08,0.35,1.2146029074766185
2017-12-09,0.35,1.2146029074766185
2017-12-10,0.35,1.2146029074766185
2017-12-11,0.35,1.2146029074766185
2017-12-12,0.35,1.2146029074766185
2017-12-13,0.35,1.2146029074766185
2017-12-14,0.35,1.2146029074766185
2017-12-15,0.35,1.2146029074766185
2017-12-16,0.35,1.2146029074766185
2017-12-17,0.35,1.2146029074766185
2017-12-18,0.35,1.2146029074766185
2017-12-19,0.35,1.2146029074766185
2017-12-20,0.35,1.2146029074766185
2017-12-21,0.35,1.2146029074766185
2017-12-22,0.35,1.2146029074766185
2017-12-23,0.35,1.2146029074766185
2017-12-24,0.35,1.2146029074766185
2017-12-25,0.35,1.2146029074766185
2017-12-26,0.35,1.2146029074766185
2017-12-27,0.35,1.2146029074766185
2017-12-28,0.35,1.2146029074766185
2017-12-29,0.35,1.2146029074766185
2017-12-30,0.35,1.2146029074766185
2017-12-31,0.35,1.2146029074766185
2018-01-01,0.39,1.2193398588157771
2018-01-02,0.39,1.2193398588157771
2018-01-03,0.39,1.2193398588157771
2018-01-04,0.39,1.2193398588157771
2018-01-05,0.39,1.2193398588157771
2018-01-06,0.39,1.2193398588157771
2018-01-07,0.39,1.2193398588157771
2018-01-08,0.39,1.2193398588157771
2018-01-09,0.39,1.2193398588157771
2018-01-10,0.39,1.2193398588157771
2018-01-11,0.39,1.2193398588157771
2018-01-12,0.39,1.2193398588157771
2018-01-13,0.39,1.2193398588157771
2018-01-14,0.39,1.2193398588157771
2018-01-15,0.39,1.2193398588157771
2018-01-16,0.39,1.2193398588157771
2018-01-17,0.39,1.2193398588157771
2018-01-18,0.39,1.2193398588157771
2018-01-19,0.39,1.2193398588157771
2018-01-20,0.39,1.2193398588157771
2018-01-21,0.39,1.2193398588157771
2018-01-22,0.39,1.2193398588157771
2018-01-23,0.39,1.2193398588157771
2018-01-24,0.39,1.2193398588157771
2018-01-25,0.39,1.2193398588157771
2018-01-26,0.39,1.2193398588157771
2018-01-27,0.39,1.2193398588157771
2018-01-28,0.39,1.2193398588157771
2018-01-29,0.39,1.2193398588157771
2018-01-30,0.39,1.2193398588157771
2018-01-31,0.39,1.2193398588157771
2018-02-01,0.38,1.2239733502792771
2018-02-02,0.38,1.2239733502792771
2018-02-03,0.38,1.2239733502792771
2018-02-04,0.38,1.2239733502792771
2018-02-05,0.38,1.2239733502792771
2018-02-06,0.38,1.2239733502792771
2018-02-07,0.38,1.2239733502792771
2018-02-08,0.38,1.2239733502792771
2018-02-09,0.38,1.2239733502792771
2018-02-10,0.38,1.2239733502792771
2018-02-11,0.38,1.2239733502792771
2018-02-12,0.38,1.2239733502792771
2018-02-13,0.38,1.2239733502792771
2018-02-14,0.38,1.2239733502792771
2018-02-15,0.38,1.2239733502792771
2018-02-16,0.38,1.2239733502792771
2018-02-17,0.38,1.2239733502792771
2018-02-18,0.38,1.2239733502792771
2018-02-19,0.38,1.2239733502792771
2018-02-20,0.38,1.2239733502792771
2018-02-21,0.38,1.2239733502792771
2018-02-22,0.38,1.2239733502792771
2018-02-23,0.38,1.2239733502792771
2018-02-24,0.38,1.2239733502792771
2018-02-25,0.38,1.2239733502792771
2018-02-26,0.38,1.2239733502792771
2018-02-27,0.38,1.2239733502792771
2018-02-28,0.38,1.2239733502792771
2018-03-01,0.1,1.2251973236295566
2018-03-02,0.1,1.2251973236295566
2018-03-03,0.1,1.2251973236295566
2018-03-04,0.1,1.2251973236295566
2018-03-05,0.1,1.2251973236295566
2018-03-06,0.1,1.2251973236295566
2018-03-07,0.1,1.2251973236295566
2018-03-08,0.1,1.2251973236295566
2018-03-09,0.1,1.2251973236295566
2018-03-10,0.1,1.2251973236295566
2018-03-11,0.1,1.2251973236295566
2018-03-12,0.1,1.2251973236295566
2018-03-13,0.1,1.2251973236295566
2018-03-14,0.1,1.2251973236295566
2018-03-15,0.1,1.2251973236295566
2018-03-16,0.1,1.2251973236295566
2018-03-17,0.1,1.2251973236295566
2018-03-18,0.1,1.2251973236295566
2018-03-19,0.1,1.2251973236295566
2018-03-20,0.1,1.2251973236295566
2018-03-21,0.1,1.2251973236295566
2018-03-22,0.1,1.2251973236295566
2018-03-23,0.1,1.2251973236295566
2018-03-24,0.1,1.2251973236295566
2018-03-25,0.1,1.2251973236295566
2018-03-26,0.1,1.2251973236295566
2018-03-27,0.1,1.2251973236295566
2018-03-28,0.1,1.2251973236295566
2018-03-29,0.1,1.2251973236295566
2018-03-30,0.1,1.2251973236295566
2018-03-31,0.1,1.2251973236295566
2018-04-01,0.21,1.2277702380091786
2018-04-02,0.21,1.2277702380091786
2018-04-03,0.21,1.2277702380091786
2018-04-04,0.21,1.2277702380091786
2018-04-05,0.21,1.2277702380091786
2018-04-06,0.21,1.2277702380091786
2018-04-07,0.21,1.2277702380091786
2018-04-08,0.21,1.2277702380091786
2018-04-09,0.21,1.2277702380091786
2018-04-10,0.21,1.2277702380091786
2018-04-11,0.21,1.2277702380091786
2018-04-12,0.21,1.2277702380091786
2018-04-13,0.21,1.2277702380091786
2018-04-14,0.21,1.2277702380091786
2018-04-15,0.21,1.2277702380091786
2018-04-16,0.21,1.2277702380091786
2018-04-17,0.21,1.2277702380091786
2018-04-18,0.21,1.2277702380091786
2018-04-19,0.21,1.2277702380091786
2018-04-20,0.21,1.2277702380091786
2018-04-21,0.21,1.2277702380091786
2018-04-22,0.21,1.2277702380091786
2018-04-23,0.21,1.2277702380091786
2018-04-24,0.21,1.2277702380091786
2018-04-25,0.21,1.2277702380091786
2018-04-26,0.21,1.2277702380091786
2018-04-27,0.21,1.2277702380091786
2018-04-28,0.21,1.2277702380091786
2018-04-29,0.21,1.2277702380091786
2018-04-30,0.21,1.2277702380091786
2018-05-01,0.14,1.2294891163423916
2018-05-02,0.14,1.2294891163423916
2018-05-03,0.14,1.2294891163423916
2018-05-04,0.14,1.2294891163423916
2018-05-05,0.14,1.2294891163423916
2018-05-06,0.14,1.2294891163423916
2018-05-07,0.14,1.2294891163423916
2018-05-08,0.14,1.2294891163423916
2018-05-09,0.14,1.2294891163423916
2018-05-10,0.14,1.2294891163423916
2018-05-11,0.14,1.2294891163423916
2018-05-12,0.14,1.2294891163423916
2018-05-13,0.14,1.2294891163423916
2018-05-14,0.14,1.2294891163423916
2018-05-15,0.14,1.2294891163423916
2018-05-16,0.14,1.2294891163423916
2018-05-17,0.14,1.2294891163423916
2018-05-18,0.14,1.2294891163423916
2018-05-19,0.14,1.2294891163423916
2018-05-20,0.14,1.2294891163423916
2018-05-21,0.14,1.2294891163423916
2018-05-22,0.14,1.2294891163423916
2018-05-23,0.14,1.2294891163423916
2018-05-24,0.14,1.2294891163423916
2018-05-25,0.14,1.2294891163423916
2018-05-26,0.14,1.2294891163423916
2018-05-27,0.14,1.2294891163423916
2018-05-28,0.14,1.2294891163423916
2018-05-29,0.14,1.2294891163423916
2018-05-30,0.14,1.2294891163423916
2018-05-31,0.14,1.2294891163423916
2018-06-01,1.11,1.2431364455337923
2018-06-02,1.11,1.2431364455337923
2018-06-03,1.11,1.2431364455337923
2018-06-04,1.11,1.2431364455337923
2018-06-05,1.11,1.2431364455337923
2018-06-06,1.11,1.2431364455337923
2018-06-07,1.11,1.2431364455337923
2018-06-08,1.11,1.2431364455337923
2018-06-09,1.11,1.2431364455337923
2018-06-10,1.11,1.2431364455337923
2018-06-11,1.11,1.2431364455337923
2018-06-12,1.11,1.2431364455337923
2018-06-13,1.11,1.2431364455337923
2018-06-14,1.11,1.2431364455337923
2018-06-15,1.11,1.2431364455337923
2018-06-16,1.11,1.2431364455337923
2018-06-17,1.11,1.2431364455337923
2018-06-18,1.11,1.2431364455337923
2018-06-19,1.11,1.2431364455337923
2018-06-20,1.11,1.2431364455337923
2018-06-21,1.11,1.2431364455337923
2018-06-22,1.11,1.2431364455337923
2018-06-23,1.11,1.2431364455337923
2018-06-24,1.11,1.2431364455337923
2018-06-25,1.11,1.2431364455337923
2018-06-26,1.11,1.2431364455337923
2018-06-27,1.11,1.2431364455337923
2018-06-28,1.11,1.2431364455337923
2018-06-29,1.11,1.2431364455337923
2018-06-30,1.11,1.2431364455337923
2018-07-01,0.64,1.2510925187852084
2018-07-02,0.64,1.2510925187852084
2018-07-03,0.64,1.2510925187852084
2018-07-04,0.64,1.2510925187852084
2018-07-05,0.64,1.2510925187852084
2018-07-06,0.64,1.2510925187852084
2018-07-07,0.64,1.2510925187852084
2018-07-08,0.64,1.2510925187852084
2018-07-09,0.64,1.2510925187852084
2018-07-10,0.64,1.2510925187852084
2018-07-11,0.64,1.2510925187852084
2018-07-12,0.64,1.2510925187852084
2018-07-13,0.64,1.2510925187852084
2018-07-14,0.64,1.2510925187852084
2018-07-15,0.64,1.2510925187852084
2018-07-16,0.64,1.2510925187852084
2018-07-17,0.64,1.2510925187852084
2018-07-18,0.64,1.2510925187852084
2018-07-19,0.64,1.2510925187852084
2018-07-20,0.64,1.2510925187852084
2018-07-21,0.64,1.2510925187852084
2018-07-22,0.64,1.2510925187852084
2018-07-23,0.64,1.2510925187852084
2018-07-24,0.64,1.2510925187852084
2018-07-25,0.64,1.2510925187852084
2018-07-26,0.64,1.2510925187852084
2018-07-27,0.64,1.2510925187852084
2018-07-28,0.64,1.2510925187852084
2018-07-29,0.64,1.2510925187852084
2018-07-30,0.64,1.2510925187852084
2018-07-31,0.64,1.2510925187852084
2018-08-01,0.13,1.2527189390596294
2018-08-02,0.13,1.2527189390596294
2018-08-03,0.13,1.2527189390596294
2018-08-04,0.13,1.2527189390596294
2018-08-05,0.13,1.2527189390596294
2018-08-06,0.13,1.2527189390596294
2018-08-07,0.13,1.2527189390596294
2018-08-08,0.13,1.2527189390596294
2018-08-09,0.13,1.2527189390596294
2018-08-10,0.13,1.2527189390596294
2018-08-11,0.13,1.2527189390596294
2018-08-12,0.13,1.2527189390596294
2018-08-13,0.13,1.2527189390596294
2018-08-14,0.13,1.2527189390596294
2018-08-15,0.13,1.2527189390596294
2018-08-16,0.13,1.2527189390596294
2018-08-17,0.13,1.2527189390596294
2018-08-18,0.13,1.2527189390596294
2018-08-19,0.13,1.2527189390596294
2018-08-20,0.13,1.2527189390596294
2018-08-21,0.13,1.2527189390596294
2018-08-22,0.13,1.2527189390596294
2018-08-23,0.13,1.2527189390596294
2018-08-24,0.13,1.2527189390596294
2018-08-25,0.13,1.2527189390596294
2018-08-26,0.13,1.2527189390596294
2018-08-27,0.13,1.2527189390596294
2018-08-28,0.13,1.2527189390596294
2018-08-29,0.13,1.2527189390596294
2018-08-30,0.13,1.2527189390596294
2018-08-31,0.13,1.2527189390596294
2018-09-01,0.09,1.2538463861047828
2018-09-02,0.09,1.2538463861047828
2018-09-03,0.09,1.2538463861047828
2018-09-04,0.09,1.2538463861047828
2018-09-05,0.09,1.2538463861047828
2018-09-06,0.09,1.2538463861047828
2018-09-07,0.09,1.2538463861047828
2018-09-08,0.09,1.2538463861047828
2018-09-09,0.09,1.2538463861047828
2018-09-10,0.09,1.2538463861047828
2018-09-11,0.09,1.2538463861047828
2018-09-12,0.09,1.2538463861047828
2018-09-13,0.09,1.2538463861047828
2018-09-14,0.09,1.2538463861047828
2018-09-15,0.09,1.2538463861047828
2018-09-16,0.09,1.2538463861047828
2018-09-17,0.09,1.2538463861047828
2018-09-18,0.09,1.2538463861047828
2018-09-19,0.09,1.2538463861047828
2018-09-20,0.09,1.2538463861047828
2018-09-21,0.09,1.2538463861047828
2018-09-22,0.09,1.2538463861047828
2018-09-23,0.09,1.2538463861047828
2018-09-24,0.09,1.2538463861047828
2018-09-25,0.09,1.2538463861047828
2018-09-26,0.09,1.2538463861047828
2018-09-27,0.09,1.2538463861047828
2018-09-28,0.09,1.2538463861047828
2018-09-29,0.09,1.2538463861047828
2018-09-30,0.09,1.2538463861047828
2018-10-01,0.58,1.2611186951441906
2018-10-02,0.58,1.2611186951441906
2018-10-03,0.58,1.2611186951441906
2018-10-04,0.58,1.2611186951441906
2018-10-05,0.58,1.2611186951441906
2018-10-06,0.58,1.2611186951441906
2018-10-07,0.58,1.2611186951441906
2018-10-08,0.58,1.2611186951441906
2018-10-09,0.58,1.2611186951441906
2018-10-10,0.58,1.2611186951441906
2018-10-11,0.58,1.2611186951441906
2018-10-12,0.58,1.2611186951441906
2018-10-13,0.58,1.2611186951441906
2018-10-14,0.58,1.2611186951441906
2018-10-15,0.58,1.2611186951441906
2018-10-16,0.58,1.2611186951441906
2018-10-17,0.58,1.2611186951441906
2018-10-18,0.58,1.2611186951441906
2018-10-19,0.58,1.2611186951441906
2018-10-20,0.58,1.2611186951441906
2018-10-21,0.58,1.2611186951441906
2018-10-22,0.58,1.2611186951441906
2018-10-23,0.58,1.2611186951441906
2018-10-24,0.58,1.2611186951441906
2018-10-25,0.58,1.2611186951441906
2018-10-26,0.58,1.2611186951441906
2018-10-27,0.58,1.2611186951441906
2018-10-28,0.58,1.2611186951441906
2018-10-29,0.58,1.2611186951441906
2018-10-30,0.58,1.2611186951441906
2018-10-31,0.58,1.2611186951441906
2018-11-01,0.19,1.263514820664965
2018-11-02,0.19,1.263514820664965
2018-11-03,0.19,1.263514820664965
2018-11-04,0.19,1.263514820664965
2018-11-05,0.19,1.263514820664965
2018-11-06,0.19,1.263514820664965
2018-11-07,0.19,1.263514820664965
2018-11-08,0.19,1.263514820664965
2018-11-09,0.19,1.263514820664965
2018-11-10,0.19,1.263514820664965
2018-11-11,0.19,1.263514820664965
2018-11-12,0.19,1.263514820664965
2018-11-13,0.19,1.263514820664965
2018-11-14,0.19,1.263514820664965
2018-11-15,0.19,1.263514820664965
2018-11-16,0.19,1.263514820664965
2018-11-17,0.19,1.263514820664965
2018-11-18,0.19,1.263514820664965
2018-11-19,0.19,1.263514820664965
2018-11-20,0.19,1.263514820664965
2018-11-21,0.19,1.263514820664965
2018-11-22,0.19,1.263514820664965
2018-11-23,0.19,1.263514820664965
2018-11-24,0.19,1.263514820664965
2018-11-25,0.19,1.263514820664965
2018-11-26,0.19,1.263514820664965
2018-11-27,0.19,1.263514820664965
2018-11-28,0.19,1.263514820664965
2018-11-29,0.19,1.263514820664965
2018-11-30,0.19,1.263514820664965
2018-12-01,-0.16,1.2614931969519008
2018-12-02,-0.16,1.2614931969519008
2018-12-03,-0.16,1.2614931969519008
2018-12-04,-0.16,1.2614931969519008
2018-12-05,-0.16,1.2614931969519008
2018-12-06,-0.16,1.2614931969519008
2018-12-07,-0.16,1.2614931969519008
2018-12-08,-0.16,1.2614931969519008
2018-12-09,-0.16,1.2614931969519008
2018-12-10,-0.16,1.2614931969519008
2018-12-11,-0.16,1.2614931969519008
2018-12-12,-0.16,1.2614931969519008
2018-12-13,-0.16,1.2614931969519008
2018-12-14,-0.16,1.2614931969519008
2018-12-15,-0.16,1.2614931969519008
2018-12-16,-0.16,1.2614931969519008
2018-12-17,-0.16,1.2614931969519008
2018-12-18,-0.16,1.2614931969519008
2018-12-19,-0.16,1.2614931969519008
2018-12-20,-0.16,1.2614931969519008
2018-12-21,-0.16,1.2614931969519008
2018-12-22,-0.16,1.2614931969519008
2018-12-23,-0.16,1.2614931969519008
2018-12-24,-0.16,1.2614931969519008
2018-12-25,-0.16,1.2614931969519008
2018-12-26,-0.16,1.2614931969519008
2018-12-27,-0.16,1.2614931969519008
2018-12-28,-0.16,1.2614931969519008
2018-12-29,-0.16,1.2614931969519008
2018-12-30,-0.16,1.2614931969519008
2018-12-31,-0.16,1.2614931969519008
2019-01-01,0.3,1.2652776765427562
2019-01-02,0.3,1.2652776765427562
2019-01-03,0.3,1.2652776765427562
2019-01-04,0.3,1.2652776765427562
2019-01-05,0.3,1.2652776765427562
2019-01-06,0.3,1.2652776765427562
2019-01-07,0.3,1.2652776765427562
2019-01-08,0.3,1.2652776765427562
2019-01-09,0.3,1.2652776765427562
2019-01-10,0.3,1.2652776765427562
2019-01-11,0.3,1.2652776765427562
2019-01-12,0.3,1.2652776765427562
2019-01-13,0.3,1.2652776765427562
2019-01-14,0.3,1.2652776765427562
2019-01-15,0.3,1.2652776765427562
2019-01-16,0.3,1.2652776765427562
2019-01-17,0.3,1.2652776765427562
2019-01-18,0.3,1.2652776765427562
2019-01-19,0.3,1.2652776765427562
2019-01-20,0.3,1.2652776765427562
2019-01-21,0.3,1.2652776765427562
2019-01-22,0.3,1.2652776765427562
2019-01-23,0.3,1.2652776765427562
2019-01-24,0.3,1.2652776765427562
2019-01-25,0.3,1.2652776765427562
2019-01-26,0.3,1.2652776765427562
2019-01-27,0.3,1.2652776765427562
2019-01-28,0.3,1.2652776765427562
2019-01-29,0.3,1.2652776765427562
2019-01-30,0.3,1.2652776765427562
2019-01-31,0.3,1.2652776765427562
2019-02-01,0.34,1.2695796206430017
2019-02-02,0.34,1.2695796206430017
2019-02-03,0.34,1.2695796206430017
2019-02-04,0.34,1.2695796206430017
2019-02-05,0.34,1.2695796206430017
2019-02-06,0.34,1.2695796206430017
2019-02-07,0.34,1.2695796206430017
2019-02-08,0.34,1.2695796206430017
2019-02-09,0.34,1.2695796206430017
2019-02-10,0.34,1.2695796206430017
2019-02-11,0.34,1.2695796206430017
2019-02-12,0.34,1.2695796206430017
2019-02-13,0.34,1.2695796206430017
2019-02-14,0.34,1.2695796206430017
2019-02-15,0.34,1.2695796206430017
2019-02-16,0.34,1.2695796206430017
2019-02-17,0.34,1.2695796206430017
2019-02-18,0.34,1.2695796206430017
2019-02-19,0.34,1.2695796206430017
2019-02-20,0.34,1.2695796206430017
2019-02-21,0.34,1.2695796206430017
2019-02-22,0.34,1.2695796206430017
2019-02-23,0.34,1.2695796206430017
2019-02-24,0.34,1.2695796206430017
2019-02-25,0.34,1.2695796206430017
2019-02-26,0.34,1.2695796206430017
2019-02-27,0.34,1.2695796206430017
2019-02-28,0.34,1.2695796206430017
2019-03-01,0.54,1.276435350594474
2019-03-02,0.54,1.276435350594474
2019-03-03,0.54,1.276435350594474
2019-03-04,0.54,1.276435350594474
2019-03-05,0.54,1.276435350594474
2019-03-06,0.54,1.276435350594474
2019-03-07,0.54,1.276435350594474
2019-03-08,0.54,1.276435350594474
2019-03-09,0.54,1.276435350594474
2019-03-10,0.54,1.276435350594474
2019-03-11,0.54,1.276435350594474
2019-03-12,0.54,1.276435350594474
2019-03-13,0.54,1.276435350594474
2019-03-14,0.54,1.276435350594474
2019-03-15,0.54,1.276435350594474
2019-03-16,0.54,1.276435350594474
2019-03-17,0.54,1.276435350594474
2019-03-18,0.54,1.276435350594474
2019-03-19,0.54,1.276435350594474
2019-03-20,0.54,1.276435350594474
2019-03-21,0.54,1.276435350594474
2019-03-22,0.54,1.276435350594474
2019-03-23,0.54,1.276435350594474
2019-03-24,0.54,1.276435350594474
2019-03-25,0.54,1.276435350594474
2019-03-26,0.54,1.276435350594474
2019-03-27,0.54,1.276435350594474
2019-03-28,0.54,1.276435350594474
2019-03-29,0.54,1.276435350594474
2019-03-30,0.54,1.276435350594474
2019-03-31,0.54,1.276435350594474
2019-04-01,0.72,1.2856256851187542
2019-04-02,0.72,1.2856256851187542
2019-04-03,0.72,1.2856256851187542
2019-04-04,0.72,1.2856256851187542
2019-04-05,0.72,1.2856256851187542
2019-04-06,0.72,1.2856256851187542
2019-04-07,0.72,1.2856256851187542
2019-04-08,0.72,1.2856256851187542
2019-04-09,0.72,1.2856256851187542
2019-04-10,0.72,1.2856256851187542
2019-04-11,0.72,1.2856256851187542
2019-04-12,0.72,1.2856256851187542
2019-04-13,0.72,1.2856256851187542
2019-04-14,0.72,1.2856256851187542
2019-04-15,0.72,1.2856256851187542
2019-04-16,0.72,1.2856256851187542
2019-04-17,0.72,1.2856256851187542
2019-04-18,0.72,1.2856256851187542
2019-04-19,0.72,1.2856256851187542
2019-04-20,0.72,1.2856256851187542
2019-04-21,0.72,1.2856256851187542
2019-04-22,0.72,1.2856256851187542
2019-04-23,0.72,1.2856256851187542
2019-04-24,0.72,1.2856256851187542
2019-04-25,0.72,1.2856256851187542
2019-04-26,0.72,1.2856256851187542
2019-04-27,0.72,1.2856256851187542
2019-04-28,0.72,1.2856256851187542
2019-04-29,0.72,1.2856256851187542
2019-04-30,0.72,1.2856256851187542
2019-05-01,0.35,1.29012537501667
2019-05-02,0.35,1.29012537501667
2019-05-03,0.35,1.29012537501667
2019-05-04,0.35,1.29012537501667
2019-05-05,0.35,1.29012537501667
2019-05-06,0.35,1.29012537501667
2019-05-07,0.35,1.29012537501667
2019-05-08,0.35,1.29012537501667
2019-05-09,0.35,1.29012537501667
2019-05-10,0.35,1.29012537501667
2019-05-11,0.35,1.29012537501667
2019-05-12,0.35,1.29012537501667
2019-05-13,0.35,1.29012537501667
2019-05-14,0.35,1.29012537501667
2019-05-15,0.35,1.29012537501667
2019-05-16,0.35,1.29012537501667
2019-05-17,0.35,1.29012537501667
2019-05-18,0.35,1.29012537501667
2019-05-19,0.35,1.29012537501667
2019-05-20,0.35,1.29012537501667
2019-05-21,0.35,1.29012537501667
2019-05-22,0.35,1.29012537501667
2019-05-23,0.35,1.29012537501667
2019-05-24,0.35,1.29012537501667
2019-05-25,0.35,1.29012537501667
2019-05-26,0.35,1.29012537501667
2019-05-27,0.35,1.29012537501667
2019-05-28,0.35,1.29012537501667
2019-05-29,0.35,1.29012537501667
2019-05-30,0.35,1.29012537501667
2019-05-31,0.35,1.29012537501667
2019-06-01,0.06,1.2908994502416795
2019-06-02,0.06,1.2908994502416795
2019-06-03,0.06,1.2908994502416795
2019-06-04,0.06,1.2908994502416795
2019-06-05,0.06,1.2908994502416795
2019-06-06,0.06,1.2908994502416795
2019-06-07,0.06,1.2908994502416795
2019-06-08,0.06,1.2908994502416795
2019-06-09,0.06,1.2908994502416795
2019-06-10,0.06,1.2908994502416795
2019-06-11,0.06,1.2908994502416795
2019-06-12,0.06,1.2908994502416795
2019-06-13,0.06,1.2908994502416795
2019-06-14,0.06,1.2908994502416795
2019-06-15,0.06,1.2908994502416795
2019-06-16,0.06,1.2908994502416795
2019-06-17,0.06,1.2908994502416795
2019-06-18,0.06,1.2908994502416795
2019-06-19,0.06,1.2908994502416795
2019-06-20,0.06,1.2908994502416795
2019-06-21,0.06,1.2908994502416795
2019-06-22,0.06,1.2908994502416795
2019-06-23,0.06,1.2908994502416795
2019-06-24,0.06,1.2908994502416795
2019-06-25,0.06,1.2908994502416795
2019-06-26,0.06,1.2908994502416795
2019-06-27,0.06,1.2908994502416795
2019-06-28,0.06,1.2908994502416795
2019-06-29,0.06,1.2908994502416795
2019-06-30,0.06,1.2908994502416795
2019-07-01,0.09,1.2920612597468972
2019-07-02,0.09,1.2920612597468972
2019-07-03,0.09,1.2920612597468972
2019-07-04,0.09,1.2920612597468972
2019-07-05,0.09,1.2920612597468972
2019-07-06,0.09,1.2920612597468972
2019-07-07,0.09,1.2920612597468972
2019-07-08,0.09,1.2920612597468972
2019-07-09,0.09,1.2920612597468972
2019-07-10,0.09,1.2920612597468972
2019-07-11,0.09,1.2920612597468972
2019-07-12,0.09,1.2920612597468972
2019-07-13,0.09,1.2920612597468972
2019-07-14,0.09,1.2920612597468972
2019-07-15,0.09,1.2920612597468972
2019-07-16,0.09,1.2920612597468972
2019-07-17,0.09,1.2920612597468972
2019-07-18,0.09,1.2920612597468972
2019-07-19,0.09,1.2920612597468972
2019-07-20,0.09,1.2920612597468972
2019-07-21,0.09,1.2920612597468972
2019-07-22,0.09,1.2920612597468972
2019-07-23,0.09,1.2920612597468972
2019-07-24,0.09,1.2920612597468972
2019-07-25,0.09,1.2920612597468972
2019-07-26,0.09,1.2920612597468972
2019-07-27,0.09,1.2920612597468972
2019-07-28,0.09,1.2920612597468972
2019-07-29,0.09,1.2920612597468972
2019-07-30,0.09,1.2920612597468972
2019-07-31,0.09,1.2920612597468972
2019-08-01,0.08,1.2930949087546946
2019-08-02,0.08,1.2930949087546946
2019-08-03,0.08,1.2930949087546946
2019-08-04,0.08,1.2930949087546946
2019-08-05,0.08,1.2930949087546946
2019-08-06,0.08,1.2930949087546946
2019-08-07,0.08,1.2930949087546946
2019-08-08,0.08,1.2930949087546946
2019-08-09,0.08,1.2930949087546946
2019-08-10,0.08,1.2930949087546946
2019-08-11,0.08,1.2930949087546946
2019-08-12,0.08,1.2930949087546946
2019-08-13,0.08,1.2930949087546946
2019-08-14,0.08,1.2930949087546946
2019-08-15,0.08,1.2930949087546946
2019-08-16,0.08,1.2930949087546946
2019-08-17,0.08,1.2930949087546946
2019-08-18,0.08,1.2930949087546946
2019-08-19,0.08,1.2930949087546946
2019-08-20,0.08,1.2930949087546946
2019-08-21,0.08,1.2930949087546946
2019-08-22,0.08,1.2930949087546946
2019-08-23,0.08,1.2930949087546946
2019-08-24,0.08,1.2930949087546946
2019-08-25,0.08,1.2930949087546946
2019-08-26,0.08,1.2930949087546946
2019-08-27,0.08,1.2930949087546946
2019-08-28,0.08,1.2930949087546946
2019-08-29,0.08,1.2930949087546946
2019-08-30,0.08,1.2930949087546946
2019-08-31,0.08,1.2930949087546946
2019-09-01,0.09,1.2942586941725738
2019-09-02,0.09,1.2942586941725738
2019-09-03,0.09,1.2942586941725738
2019-09-04,0.09,1.2942586941725738
2019-09-05,0.09,1.2942586941725738
2019-09-06,0.09,1.2942586941725738
2019-09-07,0.09,1.2942586941725738
2019-09-08,0.09,1.2942586941725738
2019-09-09,0.09,1.2942586941725738
2019-09-10,0.09,1.2942586941725738
2019-09-11,0.09,1.2942586941725738
2019-09-12,0.09,1.2942586941725738
2019-09-13,0.09,1.2942586941725738
2019-09-14,0.09,1.2942586941725738
2019-09-15,0.09,1.2942586941725738
2019-09-16,0.09,1.2942586941725738
2019-09-17,0.09,1.2942586941725738
2019-09-18,0.09,1.2942586941725738
2019-09-19,0.09,1.2942586941725738
2019-09-20,0.09,1.2942586941725738
2019-09-21,0.09,1.2942586941725738
2019-09-22,0.09,1.2942586941725738
2019-09-23,0.09,1.2942586941725738
2019-09-24,0.09,1.2942586941725738
2019-09-25,0.09,1.2942586941725738
2019-09-26,0.09,1.2942586941725738
2019-09-27,0.09,1.2942586941725738
2019-09-28,0.09,1.2942586941725738
2019-09-29,0.09,1.2942586941725738
2019-09-30,0.09,1.2942586941725738
2019-10-01,0.09,1.2954235269973289
2019-10-02,0.09,1.2954235269973289
2019-10-03,0.09,1.2954235269973289
2019-10-04,0.09,1.2954235269973289
2019-10-05,0.09,1.2954235269973289
2019-10-06,0.09,1.2954235269973289
2019-10-07,0.09,1.2954235269973289
2019-10-08,0.09,1.2954235269973289
2019-10-09,0.09,1.2954235269973289
2019-10-10,0.09,1.2954235269973289
2019-10-11,0.09,1.2954235269973289
2019-10-12,0.09,1.2954235269973289
2019-10-13,0.09,1.2954235269973289
2019-10-14,0.09,1.2954235269973289
2019-10-15,0.09,1.2954235269973289
2019-10-16,0.09,1.2954235269973289
2019-10-17,0.09,1.2954235269973289
2019-10-18,0.09,1.2954235269973289
2019-10-19,0.09,1.2954235269973289
2019-10-20,0.09,1.2954235269973289
2019-10-21,0.09,1.2954235269973289
2019-10-22,0.09,1.2954235269973289
2019-10-23,0.09,1.2954235269973289
2019-10-24,0.09,1.2954235269973289
2019-10-25,0.09,1.2954235269973289
2019-10-26,0.09,1.2954235269973289
2019-10-27,0.09,1.2954235269973289
2019-10-28,0.09,1.2954235269973289
2019-10-29,0.09,1.2954235269973289
2019-10-30,0.09,1.2954235269973289
2019-10-31,0.09,1.2954235269973289
2019-11-01,0.14,1.2972371199351251
2019-11-02,0.14,1.2972371199351251
2019-11-03,0.14,1.2972371199351251
2019-11-04,0.14,1.2972371199351251
2019-11-05,0.14,1.2972371199351251
2019-11-06,0.14,1.2972371199351251
2019-11-07,0.14,1.2972371199351251
2019-11-08,0.14,1.2972371199351251
2019-11-09,0.14,1.2972371199351251
2019-11-10,0.14,1.2972371199351251
2019-11-11,0.14,1.2972371199351251
2019-11-12,0.14,1.2972371199351251
2019-11-13,0.14,1.2972371199351251
2019-11-14,0.14,1.2972371199351251
2019-11-15,0.14,1.2972371199351251
2019-11-16,0.14,1.2972371199351251
2019-11-17,0.14,1.2972371199351251
2019-11-18,0.14,1.2972371199351251
2019-11-19,0.14,1.2972371199351251
2019-11-20,0.14,1.2972371199351251
2019-11-21,0.14,1.2972371199351251
2019-11-22,0.14,1.2972371199351251
2019-11-23,0.14,1.2972371199351251
2019-11-24,0.14,1.2972371199351251
2019-11-25,0.14,1.2972371199351251
2019-11-26,0.14,1.2972371199351251
2019-11-27,0.14,1.2972371199351251
2019-11-28,0.14,1.2972371199351251
2019-11-29,0.14,1.2972371199351251
2019-11-30,0.14,1.2972371199351251
2019-12-01,1.05,1.3108581096944438
2019-12-02,1.05,1.3108581096944438
2019-12-03,1.05,1.3108581096944438
2019-12-04,1.05,1.3108581096944438
2019-12-05,1.05,1.3108581096944438
2019-12-06,1.05,1.3108581096944438
2019-12-07,1.05,1.3108581096944438
2019-12-08,1.05,1.3108581096944438
2019-12-09,1.05,1.3108581096944438
2019-12-10,1.05,1.3108581096944438
2019-12-11,1.05,1.3108581096944438
2019-12-12,1.05,1.3108581096944438
2019-12-13,1.05,1.3108581096944438
2019-12-14,1.05,1.3108581096944438
2019-12-15,1.05,1.3108581096944438
2019-12-16,1.05,1.3108581096944438
2019-12-17,1.05,1.3108581096944438
2019-12-18,1.05,1.3108581096944438
2019-12-19,1.05,1.3108581096944438
2019-12-20,1.05,1.3108581096944438
2019-12-21,1.05,1.3108581096944438
2019-12-22,1.05,1.3108581096944438
2019-12-23,1.05,1.3108581096944438
2019-12-24,1.05,1.3108581096944438
2019-12-25,1.05,1.3108581096944438
2019-12-26,1.05,1.3108581096944438
2019-12-27,1.05,1.3108581096944438
2019-12-28,1.05,1.3108581096944438
2019-12-29,1.05,1.3108581096944438
2019-12-30,1.05,1.3108581096944438
2019-12-31,1.05,1.3108581096944438
2020-01-01,0.71,1.3201652022732746
2020-01-02,0.71,1.3201652022732746
2020-01-03,0.71,1.3201652022732746
2020-01-04,0.71,1.3201652022732746
2020-01-05,0.71,1.3201652022732746
2020-01-06,0.71,1.3201652022732746
2020-01-07,0.71,1.3201652022732746
2020-01-08,0.71,1.3201652022732746
2020-01-09,0.71,1.3201652022732746
2020-01-10,0.71,1.3201652022732746
2020-01-11,0.71,1.3201652022732746
2020-01-12,0.71,1.3201652022732746
2020-01-13,0.71,1.3201652022732746
2020-01-14,0.71,1.3201652022732746
2020-01-15,0.71,1.3201652022732746
2020-01-16,0.71,1.3201652022732746
2020-01-17,0.71,1.3201652022732746
2020-01-18,0.71,1.3201652022732746
2020-01-19,0.71,1.3201652022732746
2020-01-20,0.71,1.3201652022732746
2020-01-21,0.71,1.3201652022732746
2020-01-22,0.71,1.3201652022732746
2020-01-23,0.71,1.3201652022732746
2020-01-24,0.71,1.3201652022732746
2020-01-25,0.71,1.3201652022732746
2020-01-26,0.71,1.3201652022732746
2020-01-27,0.71,1.3201652022732746
2020-01-28,0.71,1.3201652022732746
2020-01-29,0.71,1.3201652022732746
2020-01-30,0.71,1.3201652022732746
2020-01-31,0.71,1.3201652022732746
2020-02-01,0.22,1.3230695657182758
2020-02-02,0.22,1.3230695657182758
2020-02-03,0.22,1.3230695657182758
2020-02-04,0.22,1.3230695657182758
2020-02-05,0.22,1.3230695657182758
2020-02-06,0.22,1.3230695657182758
2020-02-07,0.22,1.3230695657182758
2020-02-08,0.22,1.3230695657182758
2020-02-09,0.22,1.3230695657182758
2020-02-10,0.22,1.3230695657182758
2020-02-11,0.22,1.3230695657182758
2020-02-12,0.22,1.3230695657182758
2020-02-13,0.22,1.3230695657182758
2020-02-14,0.22,1.3230695657182758
2020-02-15,0.22,1.3230695657182758
2020-02-16,0.22,1.3230695657182758
2020-02-17,0.22,1.3230695657182758
2020-02-18,0.22,1.3230695657182758
2020-02-19,0.22,1.3230695657182758
2020-02-20,0.22,1.3230695657182758
2020-02-21,0.22,1.3230695657182758
2020-02-22,0.22,1.3230695657182758
2020-02-23,0.22,1.3230695657182758
2020-02-24,0.22,1.3230695657182758
2020-02-25,0.22,1.3230695657182758
2020-02-26,0.22,1.3230695657182758
2020-02-27,0.22,1.3230695657182758
2020-02-28,0.22,1.3230695657182758
2020-02-29,0.22,1.3230695657182758
2020-03-01,0.02,1.3233341796314195
2020-03-02,0.02,1.3233341796314195
2020-03-03,0.02,1.3233341796314195
2020-03-04,0.02,1.3233341796314195
2020-03-05,0.02,1.3233341796314195
2020-03-06,0.02,1.3233341796314195
2020-03-07,0.02,1.3233341796314195
2020-03-08,0.02,1.3233341796314195
2020-03-09,0.02,1.3233341796314195
2020-03-10,0.02,1.3233341796314195
2020-03-11,0.02,1.3233341796314195
2020-03-12,0.02,1.3233341796314195
2020-03-13,0.02,1.3233341796314195
2020-03-14,0.02,1.3233341796314195
2020-03-15,0.02,1.3233341796314195
2020-03-16,0.02,1.3233341796314195
2020-03-17,0.02,1.3233341796314195
2020-03-18,0.02,1.3233341796314195
2020-03-19,0.02,1.3233341796314195
2020-03-20,0.02,1.3233341796314195
2020-03-21,0.02,1.3233341796314195
2020-03-22,0.02,1.3233341796314195
2020-03-23,0.02,1.3233341796314195
2020-03-24,0.02,1.3233341796314195
2020-03-25,0.02,1.3233341796314195
2020-03-26,0.02,1.3233341796314195
2020-03-27,0.02,1.3233341796314195
2020-03-28,0.02,1.3233341796314195
2020-03-29,0.02,1.3233341796314195
2020-03-30,0.02,1.3233341796314195
2020-03-31,0.02,1.3233341796314195
2020-04-01,-0.01,1.3232018462134565
2020-04-02,-0.01,1.3232018462134565
2020-04-03,-0.01,1.3232018462134565
2020-04-04,-0.01,1.3232018462134565
2020-04-05,-0.01,1.3232018462134565
2020-04-06,-0.01,1.3232018462134565
2020-04-07,-0.01,1.3232018462134565
2020-04-08,-0.01,1.3232018462134565
2020-04-09,-0.01,1.3232018462134565
2020-04-10,-0.01,1.3232018462134565
2020-04-11,-0.01,1.3232018462134565
2020-04-12,-0.01,1.3232018462134565
2020-04-13,-0.01,1.3232018462134565
2020-04-14,-0.01,1.3232018462134565
2020-04-15,-0.01,1.3232018462134565
2020-04-16,-0.01,1.3232018462134565
2020-04-17,-0.01,1.3232018462134565
2020-04-18,-0.01,1.3232018462134565
2020-04-19,-0.01,1.3232018462134565
2020-04-20,-0.01,1.3232018462134565
2020-04-21,-0.01,1.3232018462134565
2020-04-22,-0.01,1.3232018462134565
2020-04-23,-0.01,1.3232018462134565
2020-04-24,-0.01,1.3232018462134565
2020-04-25,-0.01,1.3232018462134565
2020-04-26,-0.01,1.3232018462134565
2020-04-27,-0.01,1.3232018462134565
2020-04-28,-0.01,1.3232018462134565
2020-04-29,-0.01,1.3232018462134565
2020-04-30,-0.01,1.3232018462134565
2020-05-01,-0.59,1.315394955320797
2020-05-02,-0.59,1.315394955320797
2020-05-03,-0.59,1.315394955320797
2020-05-04,-0.59,1.315394955320797
2020-05-05,-0.59,1.315394955320797
2020-05-06,-0.59,1.315394955320797
2020-05-07,-0.59,1.315394955320797
2020-05-08,-0.59,1.315394955320797
2020-05-09,-0.59,1.315394955320797
2020-05-10,-0.59,1.315394955320797
2020-05-11,-0.59,1.315394955320797
2020-05-12,-0.59,1.315394955320797
2020-05-13,-0.59,1.315394955320797
2020-05-14,-0.59,1.315394955320797
2020-05-15,-0.59,1.315394955320797
2020-05-16,-0.59,1.315394955320797
2020-05-17,-0.59,1.315394955320797
2020-05-18,-0.59,1.315394955320797
2020-05-19,-0.59,1.315394955320797
2020-05-20,-0.59,1.315394955320797
2020-05-21,-0.59,1.315394955320797
2020-05-22,-0.59,1.315394955320797
2020-05-23,-0.59,1.315394955320797
2020-05-24,-0.59,1.315394955320797
2020-05-25,-0.59,1.315394955320797
2020-05-26,-0.59,1.315394955320797
2020-05-27,-0.59,1.315394955320797
2020-05-28,-0.59,1.315394955320797
2020-05-29,-0.59,1.315394955320797
2020-05-30,-0.59,1.315394955320797
2020-05-31,-0.59,1.315394955320797
2020-06-01,0.02,1.3156580343118611
2020-06-02,0.02,1.3156580343118611
2020-06-03,0.02,1.3156580343118611
2020-06-04,0.02,1.3156580343118611
2020-06-05,0.02,1.3156580343118611
2020-06-06,0.02,1.3156580343118611
2020-06-07,0.02,1.3156580343118611
2020-06-08,0.02,1.3156580343118611
2020-06-09,0.02,1.3156580343118611
2020-06-10,0.02,1.3156580343118611
2020-06-11,0.02,1.3156580343118611
2020-06-12,0.02,1.3156580343118611
2020-06-13,0.02,1.3156580343118611
2020-06-14,0.02,1.3156580343118611
2020-06-15,0.02,1.3156580343118611
2020-06-16,0.02,1.3156580343118611
2020-06-17,0.02,1.3156580343118611
2020-06-18,0.02,1.3156580343118611
2020-06-19,0.02,1.3156580343118611
2020-06-20,0.02,1.3156580343118611
2020-06-21,0.02,1.3156580343118611
2020-06-22,0.02,1.3156580343118611
2020-06-23,0.02,1.3156580343118611
2020-06-24,0.02,1.3156580343118611
2020-06-25,0.02,1.3156580343118611
2020-06-26,0.02,1.3156580343118611
2020-06-27,0.02,1.3156580343118611
2020-06-28,0.02,1.3156580343118611
2020-06-29,0.02,1.3156580343118611
2020-06-30,0.02,1.3156580343118611
2020-07-01,0.3,1.3196050084147966
2020-07-02,0.3,1.3196050084147966
2020-07-03,0.3,1.3196050084147966
2020-07-04,0.3,1.3196050084147966
2020-07-05,0.3,1.3196050084147966
2020-07-06,0.3,1.3196050084147966
2020-07-07,0.3,1.3196050084147966
2020-07-08,0.3,1.3196050084147966
2020-07-09,0.3,1.3196050084147966
2020-07-10,0.3,1.3196050084147966
2020-07-11,0.3,1.3196050084147966
2020-07-12,0.3,1.3196050084147966
2020-07-13,0.3,1.3196050084147966
2020-07-14,0.3,1.3196050084147966
2020-07-15,0.3,1.3196050084147966
2020-07-16,0.3,1.3196050084147966
2020-07-17,0.3,1.3196050084147966
2020-07-18,0.3,1.3196050084147966
2020-07-19,0.3,1.3196050084147966
2020-07-20,0.3,1.3196050084147966
2020-07-21,0.3,1.3196050084147966
2020-07-22,0.3,1.3196050084147966
2020-07-23,0.3,1.3196050084147966
2020-07-24,0.3,1.3196050084147966
2020-07-25,0.3,1.3196050084147966
2020-07-26,0.3,1.3196050084147966
2020-07-27,0.3,1.3196050084147966
2020-07-28,0.3,1.3196050084147966
2020-07-29,0.3,1.3196050084147966
2020-07-30,0.3,1.3196050084147966
2020-07-31,0.3,1.3196050084147966
2020-08-01,0.23,1.3226400999341503
2020-08-02,0.23,1.3226400999341503
2020-08-03,0.23,1.3226400999341503
2020-08-04,0.23,1.3226400999341503
2020-08-05,0.23,1.3226400999341503
2020-08-06,0.23,1.3226400999341503
2020-08-07,0.23,1.3226400999341503
2020-08-08,0.23,1.3226400999341503
2020-08-09,0.23,1.3226400999341503
2020-08-10,0.23,1.3226400999341503
2020-08-11,0.23,1.3226400999341503
2020-08-12,0.23,1.3226400999341503
2020-08-13,0.23,1.3226400999341503
2020-08-14,0.23,1.3226400999341503
2020-08-15,0.23,1.3226400999341503
2020-08-16,0.23,1.3226400999341503
2020-08-17,0.23,1.3226400999341503
2020-08-18,0.23,1.3226400999341503
2020-08-19,0.23,1.3226400999341503
2020-08-20,0.23,1.3226400999341503
2020-08-21,0.23,1.3226400999341503
2020-08-22,0.23,1.3226400999341503
2020-08-23,0.23,1.3226400999341503
2020-08-24,0.23,1.3226400999341503
2020-08-25,0.23,1.3226400999341503
2020-08-26,0.23,1.3226400999341503
2020-08-27,0.23,1.3226400999341503
2020-08-28,0.23,1.3226400999341503
2020-08-29,0.23,1.3226400999341503
2020-08-30,0.23,1.3226400999341503
2020-08-31,0.23,1.3226400999341503
2020-09-01,0.45,1.3285919803838542
2020-09-02,0.45,1.3285919803838542
2020-09-03,0.45,1.3285919803838542
2020-09-04,0.45,1.3285919803838542
2020-09-05,0.45,1.3285919803838542
2020-09-06,0.45,1.3285919803838542
2020-09-07,0.45,1.3285919803838542
2020-09-08,0.45,1.3285919803838542
2020-09-09,0.45,1.3285919803838542
2020-09-10,0.45,1.3285919803838542
2020-09-11,0.45,1.3285919803838542
2020-09-12,0.45,1.3285919803838542
2020-09-13,0.45,1.3285919803838542
2020-09-14,0.45,1.3285919803838542
2020-09-15,0.45,1.3285919803838542
2020-09-16,0.45,1.3285919803838542
2020-09-17,0.45,1.3285919803838542
2020-09-18,0.45,1.3285919803838542
2020-09-19,0.45,1.3285919803838542
2020-09-20,0.45,1.3285919803838542
2020-09-21,0.45,1.3285919803838542
2020-09-22,0.45,1.3285919803838542
2020-09-23,0.45,1.3285919803838542
2020-09-24,0.45,1.3285919803838542
2020-09-25,0.45,1.3285919803838542
2020-09-26,0.45,1.3285919803838542
2020-09-27,0.45,1.3285919803838542
2020-09-28,0.45,1.3285919803838542
2020-09-29,0.45,1.3285919803838542
2020-09-30,0.45,1.3285919803838542
2020-10-01,0.94,1.3410807449994626
2020-10-02,0.94,1.3410807449994626
2020-10-03,0.94,1.3410807449994626
2020-10-04,0.94,1.3410807449994626
2020-10-05,0.94,1.3410807449994626
2020-10-06,0.94,1.3410807449994626
2020-10-07,0.94,1.3410807449994626
2020-10-08,0.94,1.3410807449994626
2020-10-09,0.94,1.3410807449994626
2020-10-10,0.94,1.3410807449994626
2020-10-11,0.94,1.3410807449994626
2020-10-12,0.94,1.3410807449994626
2020-10-13,0.94,1.3410807449994626
2020-10-14,0.94,1.3410807449994626
2020-10-15,0.94,1.3410807449994626
2020-10-16,0.94,1.3410807449994626
2020-10-17,0.94,1.3410807449994626
2020-10-18,0.94,1.3410807449994626
2020-10-19,0.94,1.3410807449994626
2020-10-20,0.94,1.3410807449994626
2020-10-21,0.94,1.3410807449994626
2020-10-22,0.94,1.3410807449994626
2020-10-23,0.94,1.3410807449994626
2020-10-24,0.94,1.3410807449994626
2020-10-25,0.94,1.3410807449994626
2020-10-26,0.94,1.3410807449994626
2020-10-27,0.94,1.3410807449994626
2020-10-28,0.94,1.3410807449994626
2020-10-29,0.94,1.3410807449994626
2020-10-30,0.94,1.3410807449994626
2020-10-31,0.94,1.3410807449994626
2020-11-01,0.81,1.3519434990339585
2020-11-02,0.81,1.3519434990339585
2020-11-03,0.81,1.3519434990339585
2020-11-04,0.81,1.3519434990339585
2020-11-05,0.81,1.3519434990339585
2020-11-06,0.81,1.3519434990339585
2020-11-07,0.81,1.3519434990339585
2020-11-08,0.81,1.3519434990339585
2020-11-09,0.81,1.3519434990339585
2020-11-10,0.81,1.3519434990339585
2020-11-11,0.81,1.3519434990339585
2020-11-12,0.81,1.3519434990339585
2020-11-13,0.81,1.3519434990339585
2020-11-14,0.81,1.3519434990339585
2020-11-15,0.81,1.3519434990339585
2020-11-16,0.81,1.3519434990339585
2020-11-17,0.81,1.3519434990339585
2020-11-18,0.81,1.3519434990339585
2020-11-19,0.81,1.3519434990339585
2020-11-20,0.81,1.3519434990339585
2020-11-21,0.81,1.3519434990339585
2020-11-22,0.81,1.3519434990339585
2020-11-23,0.81,1.3519434990339585
2020-11-24,0.81,1.3519434990339585
2020-11-25,0.81,1.3519434990339585
2020-11-26,0.81,1.3519434990339585
2020-11-27,0.81,1.3519434990339585
2020-11-28,0.81,1.3519434990339585
2020-11-29,0.81,1.3519434990339585
2020-11-30,0.81,1.3519434990339585
2020-12-01,1.06,1.3662741001237182
2020-12-02,1.06,1.3662741001237182
2020-12-03,1.06,1.3662741001237182
2020-12-04,1.06,1.3662741001237182
2020-12-05,1.06,1.3662741001237182
2020-12-06,1.06,1.3662741001237182
2020-12-07,1.06,1.3662741001237182
2020-12-08,1.06,1.3662741001237182
2020-12-09,1.06,1.3662741001237182
2020-12-10,1.06,1.3662741001237182
2020-12-11,1.06,1.3662741001237182
2020-12-12,1.06,1.3662741001237182
2020-12-13,1.06,1.3662741001237182
2020-12-14,1.06,1.3662741001237182
2020-12-15,1.06,1.3662741001237182
2020-12-16,1.06,1.3662741001237182
2020-12-17,1.06,1.3662741001237182
2020-12-18,1.06,1.3662741001237182
2020-12-19,1.06,1.3662741001237182
2020-12-20,1.06,1.3662741001237182
2020-12-21,1.06,1.3662741001237182
2020-12-22,1.06,1.3662741001237182
2020-12-23,1.06,1.3662741001237182
2020-12-24,1.06,1.3662741001237182
2020-12-25,1.06,1.3662741001237182
2020-12-26,1.06,1.3662741001237182
2020-12-27,1.06,1.3662741001237182
2020-12-28,1.06,1.3662741001237182
2020-12-29,1.06,1.3662741001237182
2020-12-30,1.06,1.3662741001237182
2020-12-31,1.06,1.3662741001237182
2021-01-01,0.78,1.376931038104683
2021-01-02,0.78,1.376931038104683
2021-01-03,0.78,1.376931038104683
2021-01-04,0.78,1.376931038104683
2021-01-05,0.78,1.376931038104683
2021-01-06,0.78,1.376931038104683
2021-01-07,0.78,1.376931038104683
2021-01-08,0.78,1.376931038104683
2021-01-09,0.78,1.376931038104683
2021-01-10,0.78,1.376931038104683
2021-01-11,0.78,1.376931038104683
2021-01-12,0.78,1.376931038104683
2021-01-13,0.78,1.376931038104683
2021-01-14,0.78,1.376931038104683
2021-01-15,0.78,1.376931038104683
2021-01-16,0.78,1.376931038104683
2021-01-17,0.78,1.376931038104683
2021-01-18,0.78,1.376931038104683
2021-01-19,0.78,1.376931038104683
2021-01-20,0.78,1.376931038104683
2021-01-21,0.78,1.376931038104683
2021-01-22,0.78,1.376931038104683
2021-01-23,0.78,1.376931038104683
2021-01-24,0.78,1.376931038104683
2021-01-25,0.78,1.376931038104683
2021-01-26,0.78,1.376931038104683
2021-01-27,0.78,1.376931038104683
2021-01-28,0.78,1.376931038104683
2021-01-29,0.78,1.376931038104683
2021-01-30,0.78,1.376931038104683
2021-01-31,0.78,1.376931038104683
2021-02-01,0.48,1.3835403070875856
2021-02-02,0.48,1.3835403070875856
2021-02-03,0.48,1.3835403070875856
2021-02-04,0.48,1.3835403070875856
2021-02-05,0.48,1.3835403070875856
2021-02-06,0.48,1.3835403070875856
2021-02-07,0.48,1.3835403070875856
2021-02-08,0.48,1.3835403070875856
2021-02-09,0.48,1.3835403070875856
2021-02-10,0.48,1.3835403070875856
2021-02-11,0.48,1.3835403070875856
2021-02-12,0.48,1.3835403070875856
2021-02-13,0.48,1.3835403070875856
2021-02-14,0.48,1.3835403070875856
2021-02-15,0.48,1.3835403070875856
2021-02-16,0.48,1.3835403070875856
2021-02-17,0.48,1.3835403070875856
2021-02-18,0.48,1.3835403070875856
2021-02-19,0.48,1.3835403070875856
2021-02-20,0.48,1.3835403070875856
2021-02-21,0.48,1.3835403070875856
2021-02-22,0.48,1.3835403070875856
2021-02-23,0.48,1.3835403070875856
2021-02-24,0.48,1.3835403070875856
2021-02-25,0.48,1.3835403070875856
2021-02-26,0.48,1.3835403070875856
2021-02-27,0.48,1.3835403070875856
2021-02-28,0.48,1.3835403070875856
2021-03-01,0.93,1.3964072319435
2021-03-02,0.93,1.3964072319435
2021-03-03,0.93,1.3964072319435
2021-03-04,0.93,1.3964072319435
2021-03-05,0.93,1.3964072319435
2021-03-06,0.93,1.3964072319435
2021-03-07,0.93,1.3964072319435
2021-03-08,0.93,1.3964072319435
2021-03-09,0.93,1.3964072319435
2021-03-10,0.93,1.3964072319435
2021-03-11,0.93,1.3964072319435
2021-03-12,0.93,1.3964072319435
2021-03-13,0.93,1.3964072319435
2021-03-14,0.93,1.3964072319435
2021-03-15,0.93,1.3964072319435
2021-03-16,0.93,1.3964072319435
2021-03-17,0.93,1.3964072319435
2021-03-18,0.93,1.3964072319435
2021-03-19,0.93,1.3964072319435
2021-03-20,0.93,1.3964072319435
2021-03-21,0.93,1.3964072319435
2021-03-22,0.93,1.3964072319435
2021-03-23,0.93,1.3964072319435
2021-03-24,0.93,1.3964072319435
2021-03-25,0.93,1.3964072319435
2021-03-26,0.93,1.3964072319435
2021-03-27,0.93,1.3964072319435
2021-03-28,0.93,1.3964072319435
2021-03-29,0.93,1.3964072319435
2021-03-30,0.93,1.3964072319435
2021-03-31,0.93,1.3964072319435
2021-04-01,0.6,1.404785675335161
2021-04-02,0.6,1.404785675335161
2021-04-03,0.6,1.404785675335161
2021-04-04,0.6,1.404785675335161
2021-04-05,0.6,1.404785675335161
2021-04-06,0.6,1.404785675335161
2021-04-07,0.6,1.404785675335161
2021-04-08,0.6,1.404785675335161
2021-04-09,0.6,1.404785675335161
2021-04-10,0.6,1.404785675335161
2021-04-11,0.6,1.404785675335161
2021-04-12,0.6,1.404785675335161
2021-04-13,0.6,1.404785675335161
2021-04-14,0.6,1.404785675335161
2021-04-15,0.6,1.404785675335161
2021-04-16,0.6,1.404785675335161
2021-04-17,0.6,1.404785675335161
2021-04-18,0.6,1.404785675335161
2021-04-19,0.6,1.404785675335161
2021-04-20,0.6,1.404785675335161
2021-04-21,0.6,1.404785675335161
2021-04-22,0.6,1.404785675335161
2021-04-23,0.6,1.404785675335161
2021-04-24,0.6,1.404785675335161
2021-04-25,0.6,1.404785675335161
2021-04-26,0.6,1.404785675335161
2021-04-27,0.6,1.404785675335161
2021-04-28,0.6,1.404785675335161
2021-04-29,0.6,1.404785675335161
2021-04-30,0.6,1.404785675335161
2021-05-01,0.44,1.4109667323066355
2021-05-02,0.44,1.4109667323066355
2021-05-03,0.44,1.4109667323066355
2021-05-04,0.44,1.4109667323066355
2021-05-05,0.44,1.4109667323066355
2021-05-06,0.44,1.4109667323066355
2021-05-07,0.44,1.4109667323066355
2021-05-08,0.44,1.4109667323066355
2021-05-09,0.44,1.4109667323066355
2021-05-10,0.44,1.4109667323066355
2021-05-11,0.44,1.4109667323066355
2021-05-12,0.44,1.4109667323066355
2021-05-13,0.44,1.4109667323066355
2021-05-14,0.44,1.4109667323066355
2021-05-15,0.44,1.4109667323066355
2021-05-16,0.44,1.4109667323066355
2021-05-17,0.44,1.4109667323066355
2021-05-18,0.44,1.4109667323066355
2021-05-19,0.44,1.4109667323066355
2021-05-20,0.44,1.4109667323066355
2021-05-21,0.44,1.4109667323066355
2021-05-22,0.44,1.4109667323066355
2021-05-23,0.44,1.4109667323066355
2021-05-24,0.44,1.4109667323066355
2021-05-25,0.44,1.4109667323066355
2021-05-26,0.44,1.4109667323066355
2021-05-27,0.44,1.4109667323066355
2021-05-28,0.44,1.4109667323066355
2021-05-29,0.44,1.4109667323066355
2021-05-30,0.44,1.4109667323066355
2021-05-31,0.44,1.4109667323066355
2021-06-01,0.83,1.4226777561847808
2021-06-02,0.83,1.4226777561847808
2021-06-03,0.83,1.4226777561847808
2021-06-04,0.83,1.4226777561847808
2021-06-05,0.83,1.4226777561847808
2021-06-06,0.83,1.4226777561847808
2021-06-07,0.83,1.4226777561847808
2021-06-08,0.83,1.4226777561847808
2021-06-09,0.83,1.4226777561847808
2021-06-10,0.83,1.4226777561847808
2021-06-11,0.83,1.4226777561847808
2021-06-12,0.83,1.4226777561847808
2021-06-13,0.83,1.4226777561847808
2021-06-14,0.83,1.4226777561847808
2021-06-15,0.83,1.4226777561847808
2021-06-16,0.83,1.4226777561847808
2021-06-17,0.83,1.4226777561847808
2021-06-18,0.83,1.4226777561847808
2021-06-19,0.83,1.4226777561847808
2021-06-20,0.83,1.4226777561847808
2021-06-21,0.83,1.4226777561847808
2021-06-22,0.83,1.4226777561847808
2021-06-23,0.83,1.4226777561847808
2021-06-24,0.83,1.4226777561847808
2021-06-25,0.83,1.4226777561847808
2021-06-26,0.83,1.4226777561847808
2021-06-27,0.83,1.4226777561847808
2021-06-28,0.83,1.4226777561847808
2021-06-29,0.83,1.4226777561847808
2021-06-30,0.83,1.4226777561847808
2021-07-01,0.72,1.4329210360293114
2021-07-02,0.72,1.4329210360293114
2021-07-03,0.72,1.4329210360293114
2021-07-04,0.72,1.4329210360293114
2021-07-05,0.72,1.4329210360293114
2021-07-06,0.72,1.4329210360293114
2021-07-07,0.72,1.4329210360293114
2021-07-08,0.72,1.4329210360293114
2021-07-09,0.72,1.4329210360293114
2021-07-10,0.72,1.4329210360293114
2021-07-11,0.72,1.4329210360293114
2021-07-12,0.72,1.4329210360293114
2021-07-13,0.72,1.4329210360293114
2021-07-14,0.72,1.4329210360293114
2021-07-15,0.72,1.4329210360293114
2021-07-16,0.72,1.4329210360293114
2021-07-17,0.72,1.4329210360293114
2021-07-18,0.72,1.4329210360293114
2021-07-19,0.72,1.4329210360293114
2021-07-20,0.72,1.4329210360293114
2021-07-21,0.72,1.4329210360293114
2021-07-22,0.72,1.4329210360293114
2021-07-23,0.72,1.4329210360293114
2021-07-24,0.72,1.4329210360293114
2021-07-25,0.72,1.4329210360293114
2021-07-26,0.72,1.4329210360293114
2021-07-27,0.72,1.4329210360293114
2021-07-28,0.72,1.4329210360293114
2021-07-29,0.72,1.4329210360293114
2021-07-30,0.72,1.4329210360293114
2021-07-31,0.72,1.4329210360293114
2021-08-01,0.89,1.4456740332499722
2021-08-02,0.89,1.4456740332499722
2021-08-03,0.89,1.4456740332499722
2021-08-04,0.89,1.4456740332499722
2021-08-05,0.89,1.4456740332499722
2021-08-06,0.89,1.4456740332499722
2021-08-07,0.89,1.4456740332499722
2021-08-08,0.89,1.4456740332499722
2021-08-09,0.89,1.4456740332499722
2021-08-10,0.89,1.4456740332499722
2021-08-11,0.89,1.4456740332499722
2021-08-12,0.89,1.4456740332499722
2021-08-13,0.89,1.4456740332499722
2021-08-14,0.89,1.4456740332499722
2021-08-15,0.89,1.4456740332499722
2021-08-16,0.89,1.4456740332499722
2021-08-17,0.89,1.4456740332499722
2021-08-18,0.89,1.4456740332499722
2021-08-19,0.89,1.4456740332499722
2021-08-20,0.89,1.4456740332499722
2021-08-21,0.89,1.4456740332499722
2021-08-22,0.89,1.4456740332499722
2021-08-23,0.89,1.4456740332499722
2021-08-24,0.89,1.4456740332499722
2021-08-25,0.89,1.4456740332499722
2021-08-26,0.89,1.4456740332499722
2021-08-27,0.89,1.4456740332499722
2021-08-28,0.89,1.4456740332499722
2021-08-29,0.89,1.4456740332499722
2021-08-30,0.89,1.4456740332499722
2021-08-31,0.89,1.4456740332499722
2021-09-01,1.14,1.462154717229022
2021-09-02,1.14,1.462154717229022
2021-09-03,1.14,1.462154717229022
2021-09-04,1.14,1.462154717229022
2021-09-05,1.14,1.462154717229022
2021-09-06,1.14,1.462154717229022
2021-09-07,1.14,1.462154717229022
2021-09-08,1.14,1.462154717229022
2021-09-09,1.14,1.462154717229022
2021-09-10,1.14,1.462154717229022
2021-09-11,1.14,1.462154717229022
2021-09-12,1.14,1.462154717229022
2021-09-13,1.14,1.462154717229022
2021-09-14,1.14,1.462154717229022
2021-09-15,1.14,1.462154717229022
2021-09-16,1.14,1.462154717229022
2021-09-17,1.14,1.462154717229022
2021-09-18,1.14,1.462154717229022
2021-09-19,1.14,1.462154717229022
2021-09-20,1.14,1.462154717229022
2021-09-21,1.14,1.462154717229022
2021-09-22,1.14,1.462154717229022
2021-09-23,1.14,1.462154717229022
2021-09-24,1.14,1.462154717229022
2021-09-25,1.14,1.462154717229022
2021-09-26,1.14,1.462154717229022
2021-09-27,1.14,1.462154717229022
2021-09-28,1.14,1.462154717229022
2021-09-29,1.14,1.462154717229022
2021-09-30,1.14,1.462154717229022
2021-10-01,1.2,1.4797005738357705
2021-10-02,1.2,1.4797005738357705
2021-10-03,1.2,1.4797005738357705
2021-10-04,1.2,1.4797005738357705
2021-10-05,1.2,1.4797005738357705
2021-10-06,1.2,1.4797005738357705
2021-10-07,1.2,1.4797005738357705
2021-10-08,1.2,1.4797005738357705
2021-10-09,1.2,1.4797005738357705
2021-10-10,1.2,1.4797005738357705
2021-10-11,1.2,1.4797005738357705
2021-10-12,1.2,1.4797005738357705
2021-10-13,1.2,1.4797005738357705
2021-10-14,1.2,1.4797005738357705
2021-10-15,1.2,1.4797005738357705
2021-10-16,1.2,1.4797005738357705
2021-10-17,1.2,1.4797005738357705
2021-10-18,1.2,1.4797005738357705
2021-10-19,1.2,1.4797005738357705
2021-10-20,1.2,1.4797005738357705
2021-10-21,1.2,1.4797005738357705
2021-10-22,1.2,1.4797005738357705
2021-10-23,1.2,1.4797005738357705
2021-10-24,1.2,1.4797005738357705
2021-10-25,1.2,1.4797005738357705
2021-10-26,1.2,1.4797005738357705
2021-10-27,1.2,1.4797005738357705
2021-10-28,1.2,1.4797005738357705
2021-10-29,1.2,1.4797005738357705
2021-10-30,1.2,1.4797005738357705
2021-10-31,1.2,1.4797005738357705
2021-11-01,1.17,1.4970130705496492
2021-11-02,1.17,1.4970130705496492
2021-11-03,1.17,1.4970130705496492
2021-11-04,1.17,1.4970130705496492
2021-11-05,1.17,1.4970130705496492
2021-11-06,1.17,1.4970130705496492
2021-11-07,1.17,1.4970130705496492
2021-11-08,1.17,1.4970130705496492
2021-11-09,1.17,1.4970130705496492
2021-11-10,1.17,1.4970130705496492
2021-11-11,1.17,1.4970130705496492
2021-11-12,1.17,1.4970130705496492
2021-11-13,1.17,1.4970130705496492
2021-11-14,1.17,1.4970130705496492
2021-11-15,1.17,1.4970130705496492
2021-11-16,1.17,1.4970130705496492
2021-11-17,1.17,1.4970130705496492
2021-11-18,1.17,1.4970130705496492
2021-11-19,1.17,1.4970130705496492
2021-11-20,1.17,1.4970130705496492
2021-11-21,1.17,1.4970130705496492
2021-11-22,1.17,1.4970130705496492
2021-11-23,1.17,1.4970130705496492
2021-11-24,1.17,1.4970130705496492
2021-11-25,1.17,1.4970130705496492
2021-11-26,1.17,1.4970130705496492
2021-11-27,1.17,1.4970130705496492
2021-11-28,1.17,1.4970130705496492
2021-11-29,1.17,1.4970130705496492
2021-11-30,1.17,1.4970130705496492
2021-12-01,0.78,1.5086897724999364
2021-12-02,0.78,1.5086897724999364
2021-12-03,0.78,1.5086897724999364
2021-12-04,0.78,1.5086897724999364
2021-12-05,0.78,1.5086897724999364
2021-12-06,0.78,1.5086897724999364
2021-12-07,0.78,1.5086897724999364
2021-12-08,0.78,1.5086897724999364
2021-12-09,0.78,1.5086897724999364
2021-12-10,0.78,1.5086897724999364
2021-12-11,0.78,1.5086897724999364
2021-12-12,0.78,1.5086897724999364
2021-12-13,0.78,1.5086897724999364
2021-12-14,0.78,1.5086897724999364
2021-12-15,0.78,1.5086897724999364
2021-12-16,0.78,1.5086897724999364
2021-12-17,0.78,1.5086897724999364
2021-12-18,0.78,1.5086897724999364
2021-12-19,0.78,1.5086897724999364
2021-12-20,0.78,1.5086897724999364
2021-12-21,0.78,1.5086897724999364
2021-12-22,0.78,1.5086897724999364
2021-12-23,0.78,1.5086897724999364
2021-12-24,0.78,1.5086897724999364
2021-12-25,0.78,1.5086897724999364
2021-12-26,0.78,1.5086897724999364
2021-12-27,0.78,1.5086897724999364
2021-12-28,0.78,1.5086897724999364
2021-12-29,0.78,1.5086897724999364
2021-12-30,0.78,1.5086897724999364
2021-12-31,0.78,1.5086897724999364
2022-01-01,0.58,1.517440173180436
2022-01-02,0.58,1.517440173180436
2022-01-03,0.58,1.517440173180436
2022-01-04,0.58,1.517440173180436
2022-01-05,0.58,1.517440173180436
2022-01-06,0.58,1.517440173180436
2022-01-07,0.58,1.517440173180436
2022-01-08,0.58,1.517440173180436
2022-01-09,0.58,1.517440173180436
2022-01-10,0.58,1.517440173180436
2022-01-11,0.58,1.517440173180436
2022-01-12,0.58,1.517440173180436
2022-01-13,0.58,1.517440173180436
2022-01-14,0.58,1.517440173180436
2022-01-15,0.58,1.517440173180436
2022-01-16,0.58,1.517440173180436
2022-01-17,0.58,1.517440173180436
2022-01-18,0.58,1.517440173180436
2022-01-19,0.58,1.517440173180436
2022-01-20,0.58,1.517440173180436
2022-01-21,0.58,1.517440173180436
2022-01-22,0.58,1.517440173180436
2022-01-23,0.58,1.517440173180436
2022-01-24,0.58,1.517440173180436
2022-01-25,0.58,1.517440173180436
2022-01-26,0.58,1.517440173180436
2022-01-27,0.58,1.517440173180436
2022-01-28,0.58,1.517440173180436
2022-01-29,0.58,1.517440173180436
2022-01-30,0.58,1.517440173180436
2022-01-31,0.58,1.517440173180436
2022-02-01,0.99,1.5324628308949224
2022-02-02,0.99,1.5324628308949224
2022-02-03,0.99,1.5324628308949224
2022-02-04,0.99,1.5324628308949224
2022-02-05,0.99,1.5324628308949224
2022-02-06,0.99,1.5324628308949224
2022-02-07,0.99,1.5324628308949224
2022-02-08,0.99,1.5324628308949224
2022-02-09,0.99,1.5324628308949224
2022-02-10,0.99,1.5324628308949224
2022-02-11,0.99,1.5324628308949224
2022-02-12,0.99,1.5324628308949224
2022-02-13,0.99,1.5324628308949224
2022-02-14,0.99,1.5324628308949224
2022-02-15,0.99,1.5324628308949224
2022-02-16,0.99,1.5324628308949224
2022-02-17,0.99,1.5324628308949224
2022-02-18,0.99,1.5324628308949224
2022-02-19,0.99,1.5324628308949224
2022-02-20,0.99,1.5324628308949224
2022-02-21,0.99,1.5324628308949224
2022-02-22,0.99,1.5324628308949224
2022-02-23,0.99,1.5324628308949224
2022-02-24,0.99,1.5324628308949224
2022-02-25,0.99,1.5324628308949224
2022-02-26,0.99,1.5324628308949224
2022-02-27,0.99,1.5324628308949224
2022-02-28,0.99,1.5324628308949224
2022-03-01,0.95,1.5470212277884243
2022-03-02,0.95,1.5470212277884243
2022-03-03,0.95,1.5470212277884243
2022-03-04,0.95,1.5470212277884243
2022-03-05,0.95,1.5470212277884243
2022-03-06,0.95,1.5470212277884243
2022-03-07,0.95,1.5470212277884243
2022-03-08,0.95,1.5470212277884243
2022-03-09,0.95,1.5470212277884243
2022-03-10,0.95,1.5470212277884243
2022-03-11,0.95,1.5470212277884243
2022-03-12,0.95,1.5470212277884243
2022-03-13,0.95,1.5470212277884243
2022-03-14,0.95,1.5470212277884243
2022-03-15,0.95,1.5470212277884243
2022-03-16,0.95,1.5470212277884243
2022-03-17,0.95,1.5470212277884243
2022-03-18,0.95,1.5470212277884243
2022-03-19,0.95,1.5470212277884243
2022-03-20,0.95,1.5470212277884243
2022-03-21,0.95,1.5470212277884243
2022-03-22,0.95,1.5470212277884243
2022-03-23,0.95,1.5470212277884243
2022-03-24,0.95,1.5470212277884243
2022-03-25,0.95,1.5470212277884243
2022-03-26,0.95,1.5470212277884243
2022-03-27,0.95,1.5470212277884243
2022-03-28,0.95,1.5470212277884243
2022-03-29,0.95,1.5470212277884243
2022-03-30,0.95,1.5470212277884243
2022-03-31,0.95,1.5470212277884243
2022-04-01,1.73,1.5737846950291643
2022-04-02,1.73,1.5737846950291643
2022-04-03,1.73,1.5737846950291643
2022-04-04,1.73,1.5737846950291643
2022-04-05,1.73,1.5737846950291643
2022-04-06,1.73,1.5737846950291643
2022-04-07,1.73,1.5737846950291643
2022-04-08,1.73,1.5737846950291643
2022-04-09,1.73,1.5737846950291643
2022-04-10,1.73,1.5737846950291643
2022-04-11,1.73,1.5737846950291643
2022-04-12,1.73,1.5737846950291643
2022-04-13,1.73,1.5737846950291643
2022-04-14,1.73,1.5737846950291643
2022-04-15,1.73,1.5737846950291643
2022-04-16,1.73,1.5737846950291643
2022-04-17,1.73,1.5737846950291643
2022-04-18,1.73,1.5737846950291643
2022-04-19,1.73,1.5737846950291643
2022-04-20,1.73,1.5737846950291643
2022-04-21,1.73,1.5737846950291643
2022-04-22,1.73,1.5737846950291643
2022-04-23,1.73,1.5737846950291643
2022-04-24,1.73,1.5737846950291643
2022-04-25,1.73,1.5737846950291643
2022-04-26,1.73,1.5737846950291643
2022-04-27,1.73,1.5737846950291643
2022-04-28,1.73,1.5737846950291643
2022-04-29,1.73,1.5737846950291643
2022-04-30,1.73,1.5737846950291643
2022-05-01,0.59,1.5830700247298364
2022-05-02,0.59,1.5830700247298364
2022-05-03,0.59,1.5830700247298364
2022-05-04,0.59,1.5830700247298364
2022-05-05,0.59,1.5830700247298364
2022-05-06,0.59,1.5830700247298364
2022-05-07,0.59,1.5830700247298364
2022-05-08,0.59,1.5830700247298364
2022-05-09,0.59,1.5830700247298364
2022-05-10,0.59,1.5830700247298364
2022-05-11,0.59,1.5830700247298364
2022-05-12,0.59,1.5830700247298364
2022-05-13,0.59,1.5830700247298364
2022-05-14,0.59,1.5830700247298364
2022-05-15,0.59,1.5830700247298364
2022-05-16,0.59,1.5830700247298364
2022-05-17,0.59,1.5830700247298364
2022-05-18,0.59,1.5830700247298364
2022-05-19,0.59,1.5830700247298364
2022-05-20,0.59,1.5830700247298364
2022-05-21,0.59,1.5830700247298364
2022-05-22,0.59,1.5830700247298364
2022-05-23,0.59,1.5830700247298364
2022-05-24,0.59,1.5830700247298364
2022-05-25,0.59,1.5830700247298364
2022-05-26,0.59,1.5830700247298364
2022-05-27,0.59,1.5830700247298364
2022-05-28,0.59,1.5830700247298364
2022-05-29,0.59,1.5830700247298364
2022-05-30,0.59,1.5830700247298364
2022-05-31,0.59,1.5830700247298364
2022-06-01,0.69,1.5939932079004722
2022-06-02,0.69,1.5939932079004722
2022-06-03,0.69,1.5939932079004722
2022-06-04,0.69,1.5939932079004722
2022-06-05,0.69,1.5939932079004722
2022-06-06,0.69,1.5939932079004722
2022-06-07,0.69,1.5939932079004722
2022-06-08,0.69,1.5939932079004722
2022-06-09,0.69,1.5939932079004722
2022-06-10,0.69,1.5939932079004722
2022-06-11,0.69,1.5939932079004722
2022-06-12,0.69,1.5939932079004722
2022-06-13,0.69,1.5939932079004722
2022-06-14,0.69,1.5939932079004722
2022-06-15,0.69,1.5939932079004722
2022-06-16,0.69,1.5939932079004722
2022-06-17,0.69,1.5939932079004722
2022-06-18,0.69,1.5939932079004722
2022-06-19,0.69,1.5939932079004722
2022-06-20,0.69,1.5939932079004722
2022-06-21,0.69,1.5939932079004722
2022-06-22,0.69,1.5939932079004722
2022-06-23,0.69,1.5939932079004722
2022-06-24,0.69,1.5939932079004722
2022-06-25,0.69,1.5939932079004722
2022-06-26,0.69,1.5939932079004722
2022-06-27,0.69,1.5939932079004722
2022-06-28,0.69,1.5939932079004722
2022-06-29,0.69,1.5939932079004722
2022-06-30,0.69,1.5939932079004722
2022-07-01,0.13,1.596065399070743
2022-07-02,0.13,1.596065399070743
2022-07-03,0.13,1.596065399070743
2022-07-04,0.13,1.596065399070743
2022-07-05,0.13,1.596065399070743
2022-07-06,0.13,1.596065399070743
2022-07-07,0.13,1.596065399070743
2022-07-08,0.13,1.596065399070743
2022-07-09,0.13,1.596065399070743
2022-07-10,0.13,1.596065399070743
2022-07-11,0.13,1.596065399070743
2022-07-12,0.13,1.596065399070743
2022-07-13,0.13,1.596065399070743
2022-07-14,0.13,1.596065399070743
2022-07-15,0.13,1.596065399070743
2022-07-16,0.13,1.596065399070743
2022-07-17,0.13,1.596065399070743
2022-07-18,0.13,1.596065399070743
2022-07-19,0.13,1.596065399070743
2022-07-20,0.13,1.596065399070743
2022-07-21,0.13,1.596065399070743
2022-07-22,0.13,1.596065399070743
2022-07-23,0.13,1.596065399070743
2022-07-24,0.13,1.596065399070743
2022-07-25,0.13,1.596065399070743
2022-07-26,0.13,1.596065399070743
2022-07-27,0.13,1.596065399070743
2022-07-28,0.13,1.596065399070743
2022-07-29,0.13,1.596065399070743
2022-07-30,0.13,1.596065399070743
2022-07-31,0.13,1.596065399070743
2022-08-01,-0.73,1.5844141216575265
2022-08-02,-0.73,1.5844141216575265
2022-08-03,-0.73,1.5844141216575265
2022-08-04,-0.73,1.5844141216575265
2022-08-05,-0.73,1.5844141216575265
2022-08-06,-0.73,1.5844141216575265
2022-08-07,-0.73,1.5844141216575265
2022-08-08,-0.73,1.5844141216575265
2022-08-09,-0.73,1.5844141216575265
2022-08-10,-0.73,1.5844141216575265
2022-08-11,-0.73,1.5844141216575265
2022-08-12,-0.73,1.5844141216575265
2022-08-13,-0.73,1.5844141216575265
2022-08-14,-0.73,1.5844141216575265
2022-08-15,-0.73,1.5844141216575265
2022-08-16,-0.73,1.5844141216575265
2022-08-17,-0.73,1.5844141216575265
2022-08-18,-0.73,1.5844141216575265
2022-08-19,-0.73,1.5844141216575265
2022-08-20,-0.73,1.5844141216575265
2022-08-21,-0.73,1.5844141216575265
2022-08-22,-0.73,1.5844141216575265
2022-08-23,-0.73,1.5844141216575265
2022-08-24,-0.73,1.5844141216575265
2022-08-25,-0.73,1.5844141216575265
2022-08-26,-0.73,1.5844141216575265
2022-08-27,-0.73,1.5844141216575265
2022-08-28,-0.73,1.5844141216575265
2022-08-29,-0.73,1.5844141216575265
2022-08-30,-0.73,1.5844141216575265
2022-08-31,-0.73,1.5844141216575265
2022-09-01,-0.37,1.5785517894073935
2022-09-02,-0.37,1.5785517894073935
2022-09-03,-0.37,1.5785517894073935
2022-09-04,-0.37,1.5785517894073935
2022-09-05,-0.37,1.5785517894073935
2022-09-06,-0.37,1.5785517894073935
2022-09-07,-0.37,1.5785517894073935
2022-09-08,-0.37,1.5785517894073935
2022-09-09,-0.37,1.5785517894073935
2022-09-10,-0.37,1.5785517894073935
2022-09-11,-0.37,1.5785517894073935
2022-09-12,-0.37,1.5785517894073935
2022-09-13,-0.37,1.5785517894073935
2022-09-14,-0.37,1.5785517894073935
2022-09-15,-0.37,1.5785517894073935
2022-09-16,-0.37,1.5785517894073935
2022-09-17,-0.37,1.5785517894073935
2022-09-18,-0.37,1.5785517894073935
2022-09-19,-0.37,1.5785517894073935
2022-09-20,-0.37,1.5785517894073935
2022-09-21,-0.37,1.5785517894073935
2022-09-22,-0.37,1.5785517894073935
2022-09-23,-0.37,1.5785517894073935
2022-09-24,-0.37,1.5785517894073935
2022-09-25,-0.37,1.5785517894073935
2022-09-26,-0.37,1.5785517894073935
2022-09-27,-0.37,1.5785517894073935
2022-09-28,-0.37,1.5785517894073935
2022-09-29,-0.37,1.5785517894073935
2022-09-30,-0.37,1.5785517894073935
2022-10-01,0.16,1.5810774722704457
2022-10-02,0.16,1.5810774722704457
2022-10-03,0.16,1.5810774722704457
2022-10-04,0.16,1.5810774722704457
2022-10-05,0.16,1.5810774722704457
2022-10-06,0.16,1.5810774722704457
2022-10-07,0.16,1.5810774722704457
2022-10-08,0.16,1.5810774722704457
2022-10-09,0.16,1.5810774722704457
2022-10-10,0.16,1.5810774722704457
2022-10-11,0.16,1.5810774722704457
2022-10-12,0.16,1.5810774722704457
2022-10-13,0.16,1.5810774722704457
2022-10-14,0.16,1.5810774722704457
2022-10-15,0.16,1.5810774722704457
2022-10-16,0.16,1.5810774722704457
2022-10-17,0.16,1.5810774722704457
2022-10-18,0.16,1.5810774722704457
2022-10-19,0.16,1.5810774722704457
2022-10-20,0.16,1.5810774722704457
2022-10-21,0.16,1.5810774722704457
2022-10-22,0.16,1.5810774722704457
2022-10-23,0.16,1.5810774722704457
2022-10-24,0.16,1.5810774722704457
2022-10-25,0.16,1.5810774722704457
2022-10-26,0.16,1.5810774722704457
2022-10-27,0.16,1.5810774722704457
2022-10-28,0.16,1.5810774722704457
2022-10-29,0.16,1.5810774722704457
2022-10-30,0.16,1.5810774722704457
2022-10-31,0.16,1.5810774722704457
2022-11-01,0.53,1.589457182873479
2022-11-02,0.53,1.589457182873479
2022-11-03,0.53,1.589457182873479
2022-11-04,0.53,1.589457182873479
2022-11-05,0.53,1.589457182873479
2022-11-06,0.53,1.589457182873479
2022-11-07,0.53,1.589457182873479
2022-11-08,0.53,1.589457182873479
2022-11-09,0.53,1.589457182873479
2022-11-10,0.53,1.589457182873479
2022-11-11,0.53,1.589457182873479
2022-11-12,0.53,1.589457182873479
2022-11-13,0.53,1.589457182873479
2022-11-14,0.53,1.589457182873479
2022-11-15,0.53,1.589457182873479
2022-11-16,0.53,1.589457182873479
2022-11-17,0.53,1.589457182873479
2022-11-18,0.53,1.589457182873479
2022-11-19,0.53,1.589457182873479
2022-11-20,0.53,1.589457182873479
2022-11-21,0.53,1.589457182873479
2022-11-22,0.53,1.589457182873479
2022-11-23,0.53,1.589457182873479
2022-11-24,0.53,1.589457182873479
2022-11-25,0.53,1.589457182873479
2022-11-26,0.53,1.589457182873479
2022-11-27,0.53,1.589457182873479
2022-11-28,0.53,1.589457182873479
2022-11-29,0.53,1.589457182873479
2022-11-30,0.53,1.589457182873479
2022-12-01,0.52,1.5977223602244213
